-- phpMyAdmin SQL Dump
-- version 5.2.1deb1+deb12u1
-- https://www.phpmyadmin.net/
--
-- Anamakine: localhost:3306
-- Üretim Zamanı: 26 Ağu 2025, 14:25:25
-- Sunucu sürümü: 10.11.11-MariaDB-0+deb12u1
-- PHP Sürümü: 8.2.29

SET SQL_MODE = "NO_AUTO_VALUE_ON_ZERO";
START TRANSACTION;
SET time_zone = "+00:00";


/*!40101 SET @OLD_CHARACTER_SET_CLIENT=@@CHARACTER_SET_CLIENT */;
/*!40101 SET @OLD_CHARACTER_SET_RESULTS=@@CHARACTER_SET_RESULTS */;
/*!40101 SET @OLD_COLLATION_CONNECTION=@@COLLATION_CONNECTION */;
/*!40101 SET NAMES utf8mb4 */;

--
-- Veritabanı: `error_hub`
--

-- --------------------------------------------------------

--
-- Tablo için tablo yapısı `categories`
--

CREATE TABLE `categories` (
  `id` bigint(20) NOT NULL,
  `name` varchar(128) NOT NULL
) ENGINE=InnoDB DEFAULT CHARSET=utf8mb4 COLLATE=utf8mb4_general_ci;

--
-- Tablo döküm verisi `categories`
--

INSERT INTO `categories` (`id`, `name`) VALUES
(1, 'Apache'),
(2, 'AWS'),
(3, 'CSS'),
(4, 'Django'),
(5, 'Docker'),
(31, 'Eclipse'),
(6, 'Elasticsearch'),
(7, 'Flask'),
(8, 'Git'),
(9, 'GitHub'),
(10, 'Gradle'),
(11, 'Hibernate'),
(12, 'HTML'),
(13, 'Java'),
(14, 'JavaScript'),
(15, 'Jenkins'),
(16, 'Kafka'),
(17, 'Kubernetes'),
(18, 'Linux'),
(19, 'Maven'),
(20, 'MongoDB'),
(21, 'MySQL'),
(22, 'Nginx'),
(23, 'Node.js'),
(24, 'PostgreSQL'),
(25, 'PowerShell'),
(26, 'Python'),
(27, 'React'),
(28, 'Redis'),
(29, 'Spring Boot'),
(30, 'TypeScript');

-- --------------------------------------------------------

--
-- Tablo için tablo yapısı `posts`
--

CREATE TABLE `posts` (
  `category_id` bigint(20) NOT NULL,
  `id` bigint(20) NOT NULL,
  `content` text DEFAULT NULL,
  `title` varchar(255) NOT NULL
) ENGINE=InnoDB DEFAULT CHARSET=utf8mb4 COLLATE=utf8mb4_general_ci;

--
-- Tablo döküm verisi `posts`
--

INSERT INTO `posts` (`category_id`, `id`, `content`, `title`) VALUES
(1, 1, 'Defense hold moment figure share. Which civil ahead who.', 'Apache Hatası 1: Collection spring five young food affect charge.'),
(1, 2, 'Rest natural world population off policy why. Cultural remember partner him. Arrive page have language society.', 'Apache Hatası 2: Subject gun campaign gas beautiful car.'),
(1, 3, 'Pick drug south since ask. Possible woman conference system. Game past to plan guy.', 'Apache Hatası 3: Participant tonight decision begin speak across investment.'),
(1, 4, 'Baby show method itself mean. Theory knowledge glass laugh stage student moment.', 'Apache Hatası 4: Station door season ask piece.'),
(1, 5, 'Source almost through. Fly card off impact. Partner cup catch turn day. Hard part others explain rock customer.', 'Apache Hatası 5: They into break director probably three street.'),
(1, 6, 'Myself half you speak by hard institution. Chance conference music relationship.', 'Apache Hatası 6: Name several certain huge.'),
(1, 7, 'Beautiful dark small evening yourself audience act. Unit break line particularly audience. Human modern market.', 'Apache Hatası 7: Majority area network require discover nothing open fast.'),
(1, 8, 'Nice continue reflect send people. Suffer speak turn out security school.', 'Apache Hatası 8: Type weight represent money very.'),
(1, 9, 'Matter improve task move president. Sound city member statement.', 'Apache Hatası 9: For hotel at agent house.'),
(1, 10, 'Management public each Mr treat set role. Everybody bill charge research understand thank.', 'Apache Hatası 10: New protect strong necessary argue at.'),
(1, 11, 'Its something discover experience law. Draw character trip nation answer adult foreign where.', 'Apache Hatası 11: Let stay always office same.'),
(1, 12, 'Stuff work majority market radio sport themselves just.', 'Apache Hatası 12: Thank common federal good.'),
(1, 13, 'Trip glass than create where join. Lot camera still fine specific recently behind pull.', 'Apache Hatası 13: Sometimes appear born friend election event.'),
(1, 14, 'Follow born night they. Yourself member energy night growth small personal. Exist goal outside bring partner.', 'Apache Hatası 14: Hit financial meet market second economic body magazine.'),
(1, 15, 'Before rule big write nation his. Admit you long thank with place raise. Own lawyer forward forget discover.', 'Apache Hatası 15: Field method teach could maintain per.'),
(1, 16, 'Big authority power capital. Join each some find include many.', 'Apache Hatası 16: After try else join rule bar analysis.'),
(1, 17, 'Policy hot above now others. Policy hair defense power treatment. Trip law to alone book. Project sound TV whatever major receive course.', 'Apache Hatası 17: Economic around involve example.'),
(1, 18, 'Tough experience series customer test look.', 'Apache Hatası 18: Civil worker project lead.'),
(1, 19, 'Whether policy say eat defense edge response. Star analysis community player out PM democratic. Challenge attention truth somebody painting.', 'Apache Hatası 19: Entire might choose save experience money learn.'),
(1, 20, 'Back management those new.', 'Apache Hatası 20: Occur meet single purpose until enjoy.'),
(1, 21, 'Fast show hold world.', 'Apache Hatası 21: Feeling kitchen yes memory military.'),
(1, 22, 'This man green professional event try. Board cultural here truth better appear wind ask. Of return only certain.', 'Apache Hatası 22: Reveal consumer either determine.'),
(1, 23, 'Large plant recent they improve usually. Wrong feel clear be.', 'Apache Hatası 23: Study education seek say north debate.'),
(1, 24, 'Above start condition.', 'Apache Hatası 24: Performance represent direction decide.'),
(1, 25, 'Activity up away end final. Project finally know stand two. Six from table such.', 'Apache Hatası 25: Job four data story season fund.'),
(1, 26, 'East account ago until. Former knowledge spend practice win.', 'Apache Hatası 26: Group technology well thank international until.'),
(1, 27, 'Method responsibility try career. See art also history set class special fear. Nearly tend guy feel film across fact speak.', 'Apache Hatası 27: Who reflect raise inside partner.'),
(1, 28, 'Then son can civil east part. Parent must vote list type. Call change improve ask focus voice.', 'Apache Hatası 28: Support space leave leader interview.'),
(1, 29, 'Several involve point get people moment.', 'Apache Hatası 29: Item school value into answer concern wait.'),
(1, 30, 'Sure condition election respond piece suffer claim. Plan senior always toward. Simply end read need.', 'Apache Hatası 30: Involve town law now likely.'),
(1, 31, 'Hot side customer investment in detail discussion. Deal issue manage city church.', 'Apache Hatası 31: Reduce respond it that thought.'),
(1, 32, 'Seven onto ready book local arrive. People gas fear election window buy couple offer.', 'Apache Hatası 32: Growth expert energy guess college.'),
(1, 33, 'Value shoulder improve. Deal federal two election her good any.', 'Apache Hatası 33: None type prove new fill state.'),
(1, 34, 'Easy control religious life everything suggest to author. Try offer order some. Report side continue which especially some.', 'Apache Hatası 34: American mention arrive drug lot rather.'),
(1, 35, 'Positive free loss size. National read fill glass part old attorney.', 'Apache Hatası 35: At service wish organization single picture matter.'),
(1, 36, 'Letter pressure indicate mother idea. Himself notice minute training who into. Little surface close talk picture.', 'Apache Hatası 36: Top star city city.'),
(1, 37, 'Answer first with event rate Democrat indicate line. Article nature high. Cost will effect after adult likely.', 'Apache Hatası 37: Executive trial few character.'),
(1, 38, 'West push pick surface summer popular. Way sport work respond specific hit best.', 'Apache Hatası 38: Discover agent stuff activity call successful education.'),
(1, 39, 'Finish medical notice child. Guy bill one involve seven fire.', 'Apache Hatası 39: Coach shoulder remain especially official near cup.'),
(1, 40, 'Someone six memory white television. Area such form very respond. Maintain red air perform.', 'Apache Hatası 40: Of country nice brother discussion amount.'),
(1, 41, 'Drive effect base. Good doctor tonight big consider set.', 'Apache Hatası 41: Than blue small party work way.'),
(1, 42, 'Total identify six certainly throughout decide. Against language bank whose many ever. Old to center vote. Increase find second nor around event environmental least.', 'Apache Hatası 42: Across recently new simple.'),
(1, 43, 'Technology beat management machine. Surface side player no plant maybe. My home official use house still west.', 'Apache Hatası 43: Up deep imagine history pick bag.'),
(1, 45, 'Anything here know radio author view break control. Day relate not street. Bring successful degree stuff.', 'Apache Hatası 45: Republican conference kitchen whatever.'),
(1, 46, 'Them nothing rise. Above whose institution hundred unit notice. Like management plant international her.', 'Apache Hatası 46: Argue dark begin point consumer process wife.'),
(1, 47, 'Fish heart first event interesting arrive large. Executive under final shake no down.', 'Apache Hatası 47: Culture home hotel minute.'),
(1, 48, 'Share government doctor hour suffer give sing. Star determine town know.', 'Apache Hatası 48: Sport growth huge land all.'),
(1, 49, 'Degree argue decision picture life travel enjoy.', 'Apache Hatası 49: Area project yeah could coach.'),
(1, 50, 'Assume why he certain PM want. Third hospital across catch.', 'Apache Hatası 50: Ask hour make.'),
(2, 51, 'Others strong improve area condition glass fight out. Paper process for guy push. Candidate ball account standard green foot.', 'CSS Hatası 1: Peace lot race trade degree.'),
(2, 52, 'Back situation mouth myself music network beyond. Environmental nor agent specific plant. Positive majority significant ok various allow art.', 'CSS Hatası 2: Road lawyer cause production need step.'),
(2, 53, 'Power final any authority. Father up beyond consider maintain century during.', 'CSS Hatası 3: Car part need.'),
(2, 54, 'Significant another scene capital energy performance particular per.', 'CSS Hatası 4: Quickly I rather son thing movement.'),
(2, 55, 'Vote explain ever. Recently you generation admit. Front attorney movie than class heart go. Computer real then method design.', 'CSS Hatası 5: Carry way understand.'),
(2, 56, 'Run various front foreign hear specific.', 'CSS Hatası 6: A my experience doctor into nature prove.'),
(2, 57, 'Learn meet positive room study color. Skill always customer seem. Positive wide through argue.', 'CSS Hatası 7: Story care recently model.'),
(2, 58, 'Mrs condition at which dog west week. Read certainly first teacher. Camera blue any add recent. Law forward week.', 'CSS Hatası 8: Relate science occur piece.'),
(2, 59, 'Rise material increase network character road.', 'CSS Hatası 9: Draw standard each level me system wrong.'),
(2, 60, 'Response role friend yard stock list still among. Situation very parent American. Board shoulder own government again remember let.', 'CSS Hatası 10: Suggest school with computer kitchen choose sport.'),
(2, 61, 'Even should table gun court different send wear. Letter growth crime order.', 'CSS Hatası 11: Picture practice never.'),
(2, 62, 'Group third learn kitchen. Senior professor require list. Successful fill remember throughout newspaper.', 'CSS Hatası 12: Bag specific seek high understand director build.'),
(2, 63, 'Happy week board check strategy. Then again small improve remain. Main travel director hour say.', 'CSS Hatası 13: Will buy now leader talk.'),
(2, 64, 'Establish whole commercial. Build scene article recently election step value space. Culture whatever must local support challenge.', 'CSS Hatası 14: Kitchen computer letter face serious.'),
(2, 65, 'Book reflect by such half onto those. Enough too fast building first concern.', 'CSS Hatası 15: Election last instead degree office fine.'),
(2, 66, 'Deal appear indicate travel school nature. Treat account collection. Generation language coach science money.', 'CSS Hatası 16: Soldier individual detail office early world.'),
(2, 67, 'Lay space lawyer so will east example. View third bank take detail.', 'CSS Hatası 17: Scientist type quite continue my case pay.'),
(2, 68, 'Perhaps area nearly evening indicate. Relate attention travel experience sit check attorney time.', 'CSS Hatası 18: Too rich attention reduce.'),
(2, 69, 'When central interview reflect human. Foreign hotel argue study cell democratic dinner. Everyone garden lot not soon.', 'CSS Hatası 19: Speech everyone national risk front community three.'),
(2, 70, 'Real rise size indeed recently protect magazine. Exactly book your generation. Politics center attorney record ball. Mind yes like memory.', 'CSS Hatası 20: For best capital future.'),
(2, 71, 'White field reflect still now wait lose. Recent peace really hot. Parent wonder since know year.', 'CSS Hatası 21: Behavior religious plant meet begin stuff.'),
(2, 72, 'Down game so it statement break.', 'CSS Hatası 22: Pick give everything girl minute story.'),
(2, 73, 'Conference physical ready country have professor. By imagine thousand say.', 'CSS Hatası 23: Forward system hour speech.'),
(2, 74, 'Everyone say away child campaign security. Technology campaign station white pull person. Blue every number shake home carry not.', 'CSS Hatası 24: Probably star movie food official region go.'),
(2, 75, 'Whether size officer executive picture. Capital against trouble occur pull threat. First movie herself before back.', 'CSS Hatası 25: Bag forward those early.'),
(2, 76, 'Old economic travel. Line success knowledge ability church.', 'CSS Hatası 26: Call participant child.'),
(2, 77, 'Direction foot entire often. Finish son star control great. We law head popular form officer major question.', 'CSS Hatası 27: Financial property join interest.'),
(2, 78, 'Moment body place wonder explain. Painting lay past level trip whether environmental. Resource mind organization national team whose court.', 'CSS Hatası 28: Worry sure president fear move.'),
(2, 79, 'Arm opportunity TV human able keep. Magazine have sort push price low. Top pretty customer quality seek read.', 'CSS Hatası 29: Fly TV daughter sure individual certain gas program.'),
(2, 80, 'Level story fine behind small large. Myself another list war military hold past. Point south dark court grow point.', 'CSS Hatası 30: Whatever read share visit sea case nice way.'),
(2, 81, 'Network inside use protect line. Here consumer thing history development. Attack major baby today drug.', 'CSS Hatası 31: After same energy understand.'),
(2, 82, 'Food even well star push.', 'CSS Hatası 32: Just area attack especially office hot.'),
(2, 83, 'Challenge know or live onto. Including table democratic hot. Almost assume law care adult agent.', 'CSS Hatası 33: Similar way a some.'),
(2, 84, 'Better capital ok scene. Condition court rest almost suddenly likely.', 'CSS Hatası 34: Skin lead pressure how hair red.'),
(2, 85, 'Start computer policy guess color. Factor mind big argue several discuss program ahead. Not tough lose drop analysis.', 'CSS Hatası 35: Police five star culture.'),
(2, 86, 'Team wife chance which heavy. Else better power stuff section unit. Several whose ability.', 'CSS Hatası 36: Her foot past.'),
(2, 87, 'Ahead everybody democratic age floor range. Simple power fill detail stock food sure. Many more capital sing see future.', 'CSS Hatası 37: Exactly yourself cold I increase size town.'),
(2, 88, 'Peace early consumer minute floor. Left identify experience face first wrong consider.', 'CSS Hatası 38: Draw evening eight camera network require.'),
(2, 89, 'Board send education culture into on explain. Throw decade even believe born. Provide could however their professor song miss.', 'CSS Hatası 39: Much yes of provide.'),
(2, 90, 'Star without commercial start dark than like. Writer stuff pay friend. Debate bill bank return.', 'CSS Hatası 40: This case myself fall reason eight.'),
(2, 91, 'Fund any early. Tend position enjoy thought.', 'CSS Hatası 41: Know economic better kitchen instead sign.'),
(2, 92, 'Can own fight property hard fill.', 'CSS Hatası 42: Put security ability listen wish memory couple.'),
(2, 93, 'Service hope send law institution all apply Mr.', 'CSS Hatası 43: Wind organization away administration himself campaign anyone.'),
(2, 94, 'Maybe future whom identify long anything. Character there hot easy general choice one.', 'CSS Hatası 44: Long girl who nice window get explain like.'),
(2, 95, 'Agent suffer season style quite born. Want data hair ground history lot PM attention. Use particularly trouble per trouble anything number.', 'CSS Hatası 45: Truth friend notice each age network.'),
(2, 96, 'Product measure another level well mission. Pick education war total lose. Cover factor education free floor alone. Why nearly she stay.', 'CSS Hatası 46: Experience Mr health culture computer ten appear.'),
(2, 97, 'Wonder present out since heart. Detail often work town positive enter alone.', 'CSS Hatası 47: As toward wall record pull big.'),
(2, 98, 'Series drug direction visit share who through. Recently spring live.', 'CSS Hatası 48: Nice affect board reflect.'),
(2, 99, 'List stage blue suddenly see. Certainly community how garden letter population.', 'CSS Hatası 49: See go my employee peace stand product drug.'),
(2, 100, 'Professional space home fine water. Ever everything cultural cut. Beyond item candidate.', 'CSS Hatası 50: Finish change government.'),
(3, 101, 'Trade product recognize team girl stand. Trip human charge prove large explain wonder.', 'Django Hatası 1: Sea even again bar political issue.'),
(3, 102, 'Possible no article point traditional security. Feeling daughter only politics school central.', 'Django Hatası 2: She relate own these of imagine.'),
(3, 103, 'Certainly answer church though eat stop ago hold. Bill certain school wide let only company season. Day beat know themselves idea wall know.', 'Django Hatası 3: Election answer next responsibility.'),
(3, 104, 'Part arm work leave which ago.', 'Django Hatası 4: Shoulder soldier woman long various.'),
(3, 105, 'Evidence city section training serve. List different station mouth table environment discover. Go change coach.', 'Django Hatası 5: Minute building all personal soon fill challenge.'),
(3, 106, 'Act fire ok compare expect mean. Remember Congress cut often marriage arrive. Hold leg green course budget learn. Necessary another structure natural option fact most.', 'Django Hatası 6: Left politics spring mind rich force current thousand.'),
(3, 107, 'Somebody natural bill six. Step practice while civil street pick experience.', 'Django Hatası 7: Behavior lawyer else wrong.'),
(3, 108, 'Finally state us Congress. While every technology bed western article.', 'Django Hatası 8: Sign think season heavy piece get remain.'),
(3, 109, 'Seven area painting along table. Even stuff vote walk.', 'Django Hatası 9: Business foreign positive instead film.'),
(3, 110, 'Mission return collection peace Mr economy. Life board hour everybody.', 'Django Hatası 10: Its chair tell clear.'),
(3, 111, 'Agreement wonder decision floor. Material industry four indeed.', 'Django Hatası 11: If sport task.'),
(3, 112, 'Local when write military week. Sport season ago think to. Garden reason event official old age.', 'Django Hatası 12: Boy organization nearly.'),
(3, 113, 'School long western find much. Tend amount reach behind. Position sport able summer force step travel card.', 'Django Hatası 13: Century unit scene television grow remember mind.'),
(3, 114, 'Reveal when in walk know arm visit. Poor forward house allow. Per standard on most myself author identify measure. Protect grow bad energy medical point.', 'Django Hatası 14: Could suggest long remember eat tough.'),
(3, 115, 'Employee also allow a. Follow protect she various agency unit.', 'Django Hatası 15: Audience stand down.'),
(3, 116, 'Upon half but understand soldier practice.', 'Django Hatası 16: Response probably language check church teach themselves.'),
(3, 117, 'Report feel table television lawyer. Indicate exist end about every. Later begin cultural we.', 'Django Hatası 17: For join similar write especially space.'),
(3, 118, 'Light once argue themselves prove open every leader. Scientist whether employee little.', 'Django Hatası 18: Piece law describe court music between.'),
(3, 119, 'Policy official heavy task production. Student trouble how room. Live such positive issue.', 'Django Hatası 19: Drug just anyone let attack buy drive.'),
(3, 120, 'Miss play play well. Audience quality knowledge of son responsibility. Mother down speak feel behind.', 'Django Hatası 20: Response suddenly memory good professional turn information.'),
(3, 121, 'Skin camera single best. Us blue nation recognize.', 'Django Hatası 21: Beyond message difference road sing fish.'),
(3, 122, 'My kid necessary.', 'Django Hatası 22: Student stay together cut soon boy.'),
(3, 123, 'Adult mission young baby occur together. Agency contain century interesting number back six decide.', 'Django Hatası 23: Bring require Mr where of table weight me.'),
(3, 124, 'Some lot paper then. Participant weight evening part reason because agent.', 'Django Hatası 24: Cut throughout school catch station matter each.'),
(3, 125, 'Someone road show ability operation. Idea fill task past have sport cover. Order bring interest seat.', 'Django Hatası 25: International more street nature particular.'),
(3, 126, 'Least return human grow. Choose itself key scientist truth huge. Around out rest reason year matter. Teach affect mother.', 'Django Hatası 26: Participant best nation require couple hot.'),
(3, 127, 'Other here walk white floor. Soon hand officer.', 'Django Hatası 27: Service fine rather thought cause spend figure.'),
(3, 128, 'Behind cold end bit break. Kind office positive hand southern still onto network. Catch sell official maintain.', 'Django Hatası 28: Relationship although gun leader win appear.'),
(3, 129, 'Our fish how person attention wife car. Stage relate baby require. Floor not few class detail fire performance.', 'Django Hatası 29: Offer final begin wonder state there project.'),
(3, 130, 'Lay here eat election lose growth position. Meet buy customer maintain scene order. Address he value determine talk better.', 'Django Hatası 30: Option customer couple turn firm create bit.'),
(3, 131, 'Structure four work trouble lead rule.', 'Django Hatası 31: Something do likely however establish mean sense share.'),
(3, 132, 'Deal investment water style. Story why article toward research her. Always mind marriage daughter information call those.', 'Django Hatası 32: Involve all stock responsibility.'),
(3, 133, 'Person one house western whom decision myself. Same nature enjoy themselves city bad.', 'Django Hatası 33: Discuss evidence policy current interview energy.'),
(3, 134, 'House since probably behind beat commercial. Change down situation. Recognize coach near crime establish center.', 'Django Hatası 34: Source difference only range action purpose make.'),
(3, 135, 'Power half manager hear since under. Year beautiful exactly truth impact.', 'Django Hatası 35: Financial necessary believe.'),
(3, 136, 'Big part order bit everybody.', 'Django Hatası 36: Race economic admit hotel relationship know.'),
(3, 137, 'Several notice main lay pull. Letter smile surface next give space these other.', 'Django Hatası 37: Travel suggest hard understand machine her.'),
(3, 138, 'Financial foot race. South them wait know west gas feel certainly. Present throw game example treat. Buy issue worker each though it yet.', 'Django Hatası 38: Home blood word onto strategy best watch great.'),
(3, 139, 'Everybody fire court writer participant.', 'Django Hatası 39: Rule must fact process.'),
(3, 140, 'Stop laugh behind how value responsibility. Year person five store low doctor treatment. Bill them size site.', 'Django Hatası 40: Over note wall within pay.'),
(3, 141, 'College entire table. Leave always care adult movie test. Large kitchen into eat ground office.', 'Django Hatası 41: Practice artist care college write group treatment.'),
(3, 142, 'Baby difference training dog as. Choice news hair. Light provide measure meet probably candidate dark.', 'Django Hatası 42: Bit kid land feeling news rich character.'),
(3, 143, 'Plan perform suffer risk. Enough painting imagine.', 'Django Hatası 43: Agent its term total discussion response.'),
(3, 144, 'Identify past close deal room child assume. Financial follow worry shake. Another last ahead attack leave chance always.', 'Django Hatası 44: Foot think anyone city.'),
(3, 145, 'Ball give writer well officer think question kid. Because stop young say official support.', 'Django Hatası 45: Only everybody far itself look attention.'),
(3, 146, 'Thank either least outside father type common. Smile a feel meeting environment.', 'Django Hatası 46: As author capital put understand hit.'),
(3, 147, 'Each sense they.', 'Django Hatası 47: Ask not letter significant future money per market.'),
(3, 148, 'Machine pay art stop me. Left bar no visit. Feel reach cup be case himself. Coach story debate audience social executive.', 'Django Hatası 48: Cover cover last.'),
(3, 149, 'Staff middle term more. Bring property note light policy movement wait. Where section action foot eye why book.', 'Django Hatası 49: Bring may east still.'),
(3, 150, 'Quickly difference also cost. Friend newspaper official throw air.', 'Django Hatası 50: Chair threat practice sort will interesting.'),
(4, 151, 'Piece town international. Own similar face fall believe side off.', 'Docker Hatası 1: Edge husband ahead enjoy put.'),
(4, 152, 'Any trial consumer another ground view help. Others go already lot subject.', 'Docker Hatası 2: Until him message challenge cause trouble tax.'),
(4, 153, 'Responsibility meet today real today late.', 'Docker Hatası 3: Agree office fish later including quality.'),
(4, 154, 'Sometimes class mouth majority travel particular within. After time federal return world. Mission guy course unit take little eat.', 'Docker Hatası 4: Lose night cut brother also ever certainly.'),
(4, 155, 'Teacher bed different past Mrs.', 'Docker Hatası 5: Food knowledge prove part hope.'),
(4, 156, 'Then certain so scientist plant degree game front. Never red much final ok.', 'Docker Hatası 6: College family institution laugh.'),
(4, 157, 'Voice hot service place Congress reveal. Help movement PM also. Understand tough simple forward gas board state.', 'Docker Hatası 7: Bank write another station national go owner however.'),
(4, 158, 'Mouth carry always speak.', 'Docker Hatası 8: Wide turn nothing feel.'),
(4, 159, 'This traditional why. Sign become management loss.', 'Docker Hatası 9: Movie decision able growth cover suggest exactly.'),
(4, 160, 'Compare his car walk tough.', 'Docker Hatası 10: Off true understand personal rock modern.'),
(4, 161, 'Range plant thought near certainly hair already.', 'Docker Hatası 11: Song think gun hold girl better program.'),
(4, 162, 'Song raise though again especially agreement. Ground candidate play speak mother general physical structure.', 'Docker Hatası 12: Better work school stand test mention tough.'),
(4, 163, 'Card imagine teach subject begin audience race. State man wind special thank window. Woman of live kid owner in.', 'Docker Hatası 13: Ten increase school face deep civil firm change.'),
(4, 164, 'Whom many billion its record add decade sea. Social face meet by mean.', 'Docker Hatası 14: Man gas loss wind soldier story develop.'),
(4, 165, 'Too research professor company. Fly industry chair beautiful.', 'Docker Hatası 15: Opportunity response make have.'),
(4, 166, 'Case coach happy baby. Crime enjoy south class PM daughter sea work. Rest act attorney physical relationship.', 'Docker Hatası 16: Himself even book edge site through.'),
(4, 167, 'Beautiful red partner democratic test. Capital only federal seven shoulder. Former fill bed.', 'Docker Hatası 17: Choose source participant left whom.'),
(4, 168, 'Chance huge say hot. Ago identify relationship anyone its provide movement high.', 'Docker Hatası 18: Strategy maintain wind available family put everything.'),
(4, 169, 'Performance dog nature. Hit four color poor minute. Always newspaper political increase.', 'Docker Hatası 19: Various to pick parent author size really.'),
(4, 170, 'Would along new provide direction. Six first ready will position quite. Plan someone recently newspaper exist painting film.', 'Docker Hatası 20: Style away about.'),
(4, 171, 'Company son list model. Policy resource safe maintain dinner down husband.', 'Docker Hatası 21: Over ago direction country.'),
(4, 172, 'Happy picture experience often trial next song within.', 'Docker Hatası 22: Family would understand long vote kitchen.'),
(4, 173, 'Age traditional contain require responsibility section. Eye dream film hit.', 'Docker Hatası 23: Mean when population choose market money save heavy.'),
(4, 174, 'South it allow myself eat window. Individual prevent Mrs popular often.', 'Docker Hatası 24: Own serious ago travel figure.'),
(4, 175, 'Move whole try away. Image successful evidence under.', 'Docker Hatası 25: Score as detail beyond national computer might.'),
(4, 176, 'Case single customer season job suddenly way. Reach continue sport do short although arm. Follow last away step factor agree fine general.', 'Docker Hatası 26: Indeed walk such ball bit however.'),
(4, 177, 'Way kid stuff. Grow then seek ground all.', 'Docker Hatası 27: Party prevent represent force.'),
(4, 178, 'Here red language form popular television record security. Woman measure former.', 'Docker Hatası 28: Consider age management place recognize response image.'),
(4, 179, 'Work player operation enter success force. Yard evidence southern staff quite report. Suddenly theory during man receive speak.', 'Docker Hatası 29: Its idea sign end.'),
(4, 180, 'Officer bed life although sing. Miss share energy contain account somebody.', 'Docker Hatası 30: Young talk blue style walk section.'),
(4, 181, 'Need last owner however offer western wide. Adult impact dog clearly window. Anything available prepare form evening.', 'Docker Hatası 31: Brother husband performance entire.'),
(4, 182, 'Practice stay watch which hundred surface. Guy our animal tell practice girl quite.', 'Docker Hatası 32: Care short prevent eat against.'),
(4, 183, 'Agreement beyond enjoy economic hand practice reveal. Technology agree everybody say green there to.', 'Docker Hatası 33: Too Democrat later then prove former.'),
(4, 184, 'On record on hundred. Final accept same ask such story. Hour let rich cover.', 'Docker Hatası 34: Life day star.'),
(4, 185, 'Nice majority within gas throughout purpose appear.', 'Docker Hatası 35: Indeed need find hour government physical.'),
(4, 186, 'Yard a significant director method fish. Indeed suggest democratic measure phone those.', 'Docker Hatası 36: Word past education billion bit enter school.'),
(4, 187, 'Room after lay already pull. Audience very like staff dog fact. Democratic light rock.', 'Docker Hatası 37: You ready well information ok interesting pull.'),
(4, 188, 'Set community situation. Poor firm action prove.', 'Docker Hatası 38: Late call follow old.'),
(4, 189, 'Pull summer information act near like hundred. School final technology practice store behavior produce. General push street plan option short thing television.', 'Docker Hatası 39: Environmental environment large old.'),
(4, 190, 'Provide court hard how. Movement fall good only parent room. Job husband young surface answer option. Behind raise large so officer your family of.', 'Docker Hatası 40: Wind which protect result.'),
(4, 191, 'Art step protect even. Check spring without opportunity.', 'Docker Hatası 41: Admit action woman give wall.'),
(4, 192, 'Federal job know parent partner yet there growth. Air seven especially cut example poor start. Off maintain just list security.', 'Docker Hatası 42: Candidate clearly series.'),
(4, 193, 'Vote clear forget onto feeling. Edge role clearly. Idea always no ten race.', 'Docker Hatası 43: Write project produce director compare imagine word hundred.'),
(4, 194, 'Despite here general where safe especially. Member into officer purpose because above.', 'Docker Hatası 44: Outside store down sell source heavy.'),
(4, 195, 'Line bring available page wall individual. Sing sure heart for. Maintain somebody right start event medical rock voice.', 'Docker Hatası 45: Every bit simple air experience.'),
(4, 196, 'Oil book role field. Difficult range walk nation.', 'Docker Hatası 46: Concern actually apply adult instead difference indeed.'),
(4, 197, 'Red statement partner field. Personal house computer offer.', 'Docker Hatası 47: Third order why professor bad involve president.'),
(4, 198, 'Let guess garden buy office parent. Out radio goal.', 'Docker Hatası 48: Check party blood great dog window cold hope.'),
(4, 199, 'Far American room without. Establish future because hotel think factor standard. Provide need give sell main table.', 'Docker Hatası 49: Sell really understand model information understand glass.'),
(4, 200, 'Center your too sit work least. New lawyer attack all. Likely they provide but.', 'Docker Hatası 50: Standard husband machine federal water place factor.'),
(5, 201, 'Each beautiful call method develop our.', 'Elasticsearch Hatası 1: Too group miss can share price.'),
(5, 202, 'Surface eye vote black. Station machine six interest could. Leader gas hour sit make effect.', 'Elasticsearch Hatası 2: Staff difference in professor.'),
(5, 203, 'Our scene walk either nation. Catch want artist a.', 'Elasticsearch Hatası 3: Nature able growth be soon.'),
(5, 204, 'Morning piece always. Answer room image amount. Present treatment weight politics.', 'Elasticsearch Hatası 4: International summer station theory describe down reduce.'),
(5, 205, 'Young allow lay energy. Project away memory material through pass.', 'Elasticsearch Hatası 5: Ask gas ever.'),
(5, 206, 'Idea career candidate recently anyone wonder. Not perform investment scene.', 'Elasticsearch Hatası 6: Current per model crime.'),
(5, 207, 'Class southern easy mention coach bit rate. Nice operation coach after a specific wrong. Main son law despite physical.', 'Elasticsearch Hatası 7: Gun history end space return thus respond.'),
(5, 208, 'City simply light discover size. Change physical fund involve.', 'Elasticsearch Hatası 8: Play care left deep.'),
(5, 209, 'Role through lay itself tonight book serve. Own move recent answer different forward while discover.', 'Elasticsearch Hatası 9: Worry receive attorney author individual science own.'),
(5, 210, 'Hot article role enter. Cultural gun prepare type marriage. Hot likely then herself that throw. Beautiful firm possible agent.', 'Elasticsearch Hatası 10: Bar about cause fire.'),
(5, 211, 'Agent walk nation.', 'Elasticsearch Hatası 11: Record visit factor whether.'),
(5, 212, 'Where leader long hair society start practice. Add various tax.', 'Elasticsearch Hatası 12: North fast image end.'),
(5, 213, 'Tree measure attorney threat. Term produce take agency politics behavior. Glass artist want consider actually month.', 'Elasticsearch Hatası 13: Respond relate good whose keep structure.'),
(5, 214, 'Full heart week. Off size life group join.', 'Elasticsearch Hatası 14: Action music ground fact.'),
(5, 215, 'Just responsibility continue. May half source watch trial unit.', 'Elasticsearch Hatası 15: History significant on.'),
(5, 216, 'Security central similar gun film brother hospital.', 'Elasticsearch Hatası 16: Half data will beat major scientist exactly.'),
(5, 217, 'Parent skill government country television. Vote that memory form.', 'Elasticsearch Hatası 17: Participant other city growth range.'),
(5, 218, 'Father money century they weight project food. Organization rise pressure be serious health artist important.', 'Elasticsearch Hatası 18: Quite here talk decade.'),
(5, 219, 'Side particular white large today. Bad event another our probably. Go bag pay usually.', 'Elasticsearch Hatası 19: At class travel with treat.'),
(5, 220, 'Expect interview game job level leader fire add. Rise use peace fly could blue process local. White body throughout itself.', 'Elasticsearch Hatası 20: Might toward charge window Democrat type get serious.'),
(5, 221, 'Tough begin public animal study movement. Hit report worker bed. Everybody east floor table positive.', 'Elasticsearch Hatası 21: Put difference employee fund song me industry particular.'),
(5, 222, 'Ago question those blood. Teach live heavy knowledge economic real. Tree unit hundred.', 'Elasticsearch Hatası 22: Possible visit film meeting.'),
(5, 223, 'Carry brother million moment claim add would. Difference politics herself for us check though final. Foot when month take. Evening draw or manage choose mouth history.', 'Elasticsearch Hatası 23: Case five public name help town collection too.'),
(5, 224, 'Nothing I today financial so. Project like at bit full community.', 'Elasticsearch Hatası 24: Lose citizen recently production interview movement at.'),
(5, 225, 'Dinner read hot purpose prove main major. Tax necessary share identify war thus.', 'Elasticsearch Hatası 25: Itself image town scene during area.'),
(5, 226, 'Stuff husband nice mission so nice type. International war just. Defense eye food practice such apply.', 'Elasticsearch Hatası 26: East according nothing arm interest level prevent.'),
(5, 227, 'Different contain each office technology major thank. Year more learn finally.', 'Elasticsearch Hatası 27: Ground assume test admit common art.'),
(5, 228, 'Start sign nature moment wonder. Leader energy six ask.', 'Elasticsearch Hatası 28: Move continue represent eye head lead popular.'),
(5, 229, 'Another teacher personal hit stuff. Provide with answer process line which.', 'Elasticsearch Hatası 29: Rich population save probably figure.'),
(5, 230, 'Any population hold try. Home long hold chair everything interesting. This test suggest position finish no news.', 'Elasticsearch Hatası 30: Human community impact open.'),
(5, 231, 'Whether order play draw kid environmental. Threat money however lose its however. Very culture create lot these notice.', 'Elasticsearch Hatası 31: Where land about whom.'),
(5, 232, 'Last whether first hotel authority group without. Court address certainly probably.', 'Elasticsearch Hatası 32: Crime moment identify hit idea the.'),
(5, 233, 'Purpose from matter produce star from cover three. Take within popular cover capital you down.', 'Elasticsearch Hatası 33: Others with boy throughout despite.'),
(5, 234, 'Cell serious provide artist. How bar ago street physical experience finish.', 'Elasticsearch Hatası 34: Not good economic himself.'),
(5, 235, 'Evidence effort whole. Field travel she environmental structure whole reality.', 'Elasticsearch Hatası 35: Professional Mr pass good rise.'),
(5, 236, 'Moment dark human. Central beautiful speak deep season.', 'Elasticsearch Hatası 36: Everything home small modern particularly.'),
(5, 237, 'Debate drug sell word heart fill process. Travel body left finally front.', 'Elasticsearch Hatası 37: Collection rate some.'),
(5, 238, 'While himself policy make professor. Five may politics next agent. Half keep indeed.', 'Elasticsearch Hatası 38: Lead heart almost year every.'),
(5, 239, 'Near teach fill drop. Little south of stay certainly. Gas wonder defense first official.', 'Elasticsearch Hatası 39: Little paper network some win.'),
(5, 240, 'Ever process describe whatever different choice. Record data but movement speech machine improve yourself. Book dream traditional economic.', 'Elasticsearch Hatası 40: Imagine choose road success.'),
(5, 241, 'Section there money interesting national. Include doctor clear return politics industry. Each out can machine culture.', 'Elasticsearch Hatası 41: Realize approach through finally senior discuss.'),
(5, 242, 'Majority house type have society page serious thus. Civil likely college system then.', 'Elasticsearch Hatası 42: Agreement between fine.'),
(5, 243, 'Then technology some society prove. And drug case stand teacher bar. Would strategy beautiful reality moment teacher culture story.', 'Elasticsearch Hatası 43: Part lawyer better job.'),
(5, 244, 'Majority seven fly draw network. Ground report order tree. Nation require inside through air draw coach. Assume skin hold sell again tonight.', 'Elasticsearch Hatası 44: About her nation check.'),
(5, 245, 'Three how gas himself. I will source best lot sit know. Common site manager movie.', 'Elasticsearch Hatası 45: Finish number although today sure course.'),
(5, 246, 'Stay trouble test chair rise. Question real goal interesting minute eight decide six.', 'Elasticsearch Hatası 46: Since never federal run share product approach.'),
(5, 247, 'Find chance suffer candidate experience number occur. May man dark however down he. Author center a home important agree same.', 'Elasticsearch Hatası 47: Free ground wait have add social price perform.'),
(5, 248, 'Discover president mean economy choice behind. Old just all house management rule hit team. Note until safe subject individual there.', 'Elasticsearch Hatası 48: Doctor water skin seven former nearly next.'),
(5, 249, 'Human administration summer light style number. Hundred true assume really own although. Good worker phone view town.', 'Elasticsearch Hatası 49: Carry until avoid sing.'),
(5, 250, 'Do body interview. Media physical would matter gas pressure cost. Want method game.', 'Elasticsearch Hatası 50: Often section month guess listen magazine.'),
(6, 251, 'Reality rather Mrs message wide eat. Majority tell reflect card attack office participant. Already movement appear hear almost hour fly.', 'Flask Hatası 1: Walk very safe benefit.'),
(6, 252, 'Keep nature every where probably director. After different science perhaps east. Central personal economy green security.', 'Flask Hatası 2: Avoid first reach example you single play.'),
(6, 253, 'Majority rock within culture bag central year generation. Protect say general capital glass activity citizen police. Two part work middle meet end present anyone.', 'Flask Hatası 3: Smile place its mission.'),
(6, 254, 'Water trip simple suggest.', 'Flask Hatası 4: Lay same list threat indicate.'),
(6, 255, 'Staff table assume ten fall finally find. Again sport discuss collection might move left.', 'Flask Hatası 5: Debate worry billion set protect traditional bag.'),
(6, 256, 'Impact sort true keep ten. Pattern could artist million year radio. Entire up instead none.', 'Flask Hatası 6: End resource and face day bed.'),
(6, 257, 'More he toward factor room value effect. Hit offer within.', 'Flask Hatası 7: Six too prevent off seat staff.'),
(6, 258, 'Dream score just authority gun expect. Big same scene quickly some.', 'Flask Hatası 8: Blood build wide church community friend task.'),
(6, 259, 'Year stage reveal beyond stuff study. Total budget economy case.', 'Flask Hatası 9: Return mother believe.'),
(6, 260, 'Billion garden discussion leg risk on friend could. Detail it all to forget despite everybody religious.', 'Flask Hatası 10: Personal all buy society require feel.'),
(6, 261, 'Actually example he church everything others. Team dinner family seat cost civil forward. Hot itself chair provide bed.', 'Flask Hatası 11: Moment close interest cell message boy ground.'),
(6, 262, 'Agent light keep study who project area. Next hit still since stage rather people. Role exactly someone party.', 'Flask Hatası 12: Pattern because TV where compare what large.'),
(6, 263, 'Beat operation crime itself receive others understand.', 'Flask Hatası 13: Factor story ask produce.'),
(6, 264, 'Six mean support activity our experience. Last executive in break difference. Act break contain floor thing traditional.', 'Flask Hatası 14: Soon study agent foot.'),
(6, 265, 'Two while product responsibility apply industry. Western believe wrong state imagine federal same. Ready identify possible popular recently.', 'Flask Hatası 15: Avoid spring its wife save somebody song room.'),
(6, 266, 'Start against example out million. Design TV place argue such. At born general ten its growth.', 'Flask Hatası 16: Big east be defense not quite.'),
(6, 267, 'Tell dream whether write daughter. Why identify early continue month build.', 'Flask Hatası 17: Member ability politics indeed serious.'),
(6, 268, 'Realize bill whether. Special dog above fish quality evening concern. Skill do care national young hear.', 'Flask Hatası 18: Indeed control interview federal.'),
(6, 269, 'Mrs table guy simply cut standard. Development food toward challenge blue. Grow green performance. Give game direction also appear.', 'Flask Hatası 19: Address mouth worker might.'),
(6, 270, 'Imagine home fire bed manager. Team west hundred crime chair impact cell.', 'Flask Hatası 20: Star analysis other start entire store fish.'),
(6, 271, 'True sport specific development store man subject. Single that far break serve.', 'Flask Hatası 21: Onto president animal drive away various suddenly.'),
(6, 272, 'Top spring stay I especially. Whose matter party factor effort woman street five.', 'Flask Hatası 22: Bed wonder car send.'),
(6, 273, 'Among parent five ever. Finally least might sea upon. It send where we. Concern wonder plant.', 'Flask Hatası 23: Year though real support sell.'),
(6, 274, 'Former window everybody tax see. With improve beautiful car individual out environment likely.', 'Flask Hatası 24: Street both have anyone.'),
(6, 275, 'Agreement minute girl machine. Make teach table another political sound accept.', 'Flask Hatası 25: Store thank standard relationship attorney until.'),
(6, 276, 'Pm remember federal last later article public. Include she party beat figure relationship. View again series black now.', 'Flask Hatası 26: Pretty sort natural.'),
(6, 277, 'Tonight onto suggest college size shake would food. Evening throw thought beyond away already she.', 'Flask Hatası 27: Should decade by citizen.'),
(6, 278, 'Live animal spend nearly rate it wind. Appear maybe his animal score five. Rock wait why image measure.', 'Flask Hatası 28: Field why threat recently human lose enter.'),
(6, 279, 'Its kind responsibility computer into material happen. Central someone voice could sit method. Indicate dark side blue seek pick north through.', 'Flask Hatası 29: Shoulder sit current modern meet alone.'),
(6, 280, 'Range tend fine allow ever. Party democratic author name direction away place.', 'Flask Hatası 30: Fill boy available again not new fall campaign.'),
(6, 281, 'Put finish perhaps ground officer. Program floor dark head. Act serious term room although media. Young physical go apply travel.', 'Flask Hatası 31: Pretty guess effort.'),
(6, 282, 'Common hotel tend window. Be energy discover parent them institution other somebody. Look sing deal figure this dream crime. Others indeed able movie difficult.', 'Flask Hatası 32: Finally city growth after evidence skill trip a.'),
(6, 283, 'Industry occur where sort. Paper body environment film market.', 'Flask Hatası 33: Else senior onto pay.'),
(6, 284, 'Fly say realize. Why actually until system even.', 'Flask Hatası 34: Phone still without modern.'),
(6, 285, 'Expert culture in eye early market college. Charge method military six. End could sure like.', 'Flask Hatası 35: Rest find half air week peace.'),
(6, 286, 'Garden eight enough number.', 'Flask Hatası 36: Available admit night three leg than actually than.'),
(6, 287, 'Start painting must else hope seem take. Ground role create war. Study subject hit avoid road behind.', 'Flask Hatası 37: Test rest serious agreement relate help we.'),
(6, 288, 'Arm professional despite. Upon camera pretty. Some sing director standard sound.', 'Flask Hatası 38: Support you land want career stage.'),
(6, 289, 'Difference talk society peace else project this decide. Two particularly available election often. Responsibility chance realize discover.', 'Flask Hatası 39: However forward degree country near.'),
(6, 290, 'Defense politics cultural majority big lot door. Grow forget option each.', 'Flask Hatası 40: Very letter because sort avoid should.'),
(6, 291, 'Dog color true know behavior near same big. Watch he travel best brother home. Firm thousand father civil.', 'Flask Hatası 41: None let most hundred travel my decision.'),
(6, 292, 'Gas while job focus. Interesting sign society pull his person another.', 'Flask Hatası 42: Case against probably but front.'),
(6, 293, 'Success political six economy yourself movie. Experience hotel board plan role five. Write especially Mrs specific.', 'Flask Hatası 43: Effect key provide system.'),
(6, 294, 'Agency Mrs rest inside part.', 'Flask Hatası 44: Fish itself citizen stay far material.'),
(6, 295, 'Present pressure own Democrat. Bad course science large.', 'Flask Hatası 45: What performance serious employee record along.'),
(6, 296, 'Majority ground sure meeting unit pass control physical. City play concern professor world up. Cell future business which.', 'Flask Hatası 46: Model official total special.'),
(6, 297, 'Class pressure rule ahead way create as. Not list actually article.', 'Flask Hatası 47: Development agency high run fill yeah activity.'),
(6, 298, 'Realize white woman one bad use get. Price probably goal claim note despite light. Conference wind police cold different.', 'Flask Hatası 48: Wear the sit bit.'),
(6, 299, 'Skin which between again throughout student. Smile customer pick remember recent national.', 'Flask Hatası 49: Religious stage consider.'),
(6, 300, 'Computer large many star look. Impact alone response decade decade find. Black goal movement lawyer mean whole out.', 'Flask Hatası 50: Describe accept hear threat between join politics.'),
(7, 301, 'Special dog rule environment. Treatment describe across such benefit evening.', 'Git Hatası 1: Pass mean baby almost cover decade.'),
(7, 302, 'Everyone push change factor benefit catch. Edge very relate leave article special. Car soon authority difficult.', 'Git Hatası 2: Describe day in indicate.'),
(7, 303, 'Tough defense others thing. Pattern participant trade town. Worry night throw believe trip day.', 'Git Hatası 3: Form not response collection right wrong plan.'),
(7, 304, 'Ago commercial between interest already stage. Its environmental wind soon bed.', 'Git Hatası 4: Go boy win woman suffer business however degree.'),
(7, 305, 'Such guy certainly run choose world decision.', 'Git Hatası 5: Or who total support.'),
(7, 306, 'Each cold newspaper them main dream. Final general campaign concern.', 'Git Hatası 6: Yourself key understand seem.'),
(7, 307, 'Eight physical something people church require within. Interesting go government environmental if us.', 'Git Hatası 7: In newspaper American agency.'),
(7, 308, 'Decide company society. Sort same send whose. Provide buy different trial try everybody response carry.', 'Git Hatası 8: Hospital lose do chance.'),
(7, 309, 'Treatment director effort political not make world. Apply especially well bad ability system reality full. Rock form red travel indeed position.', 'Git Hatası 9: Minute majority student company ten page.'),
(7, 310, 'Produce road responsibility or off year action road. What simple contain country reveal call family catch.', 'Git Hatası 10: Factor send maybe surface strategy result item.'),
(7, 311, 'Whatever everything either need here sport. Dog your claim.', 'Git Hatası 11: Black inside body again better feel people.'),
(7, 312, 'Board others clearly ball already. Show end even else southern yes himself.', 'Git Hatası 12: Several claim per enter open.'),
(7, 313, 'End pay behind region law situation air. Less bill this.', 'Git Hatası 13: Exactly sense eye agency pretty machine.'),
(7, 314, 'Available skin up need. Method set far son dream line. Should let job wait.', 'Git Hatası 14: Policy modern create north will more risk.'),
(7, 315, 'Or other third early school artist. Us commercial prove bed successful early. Century build treat fact. Throw sit during carry concern cost.', 'Git Hatası 15: Water get ahead cell key white team.'),
(7, 316, 'Congress room about appear reason force hundred piece. Total more agreement issue south.', 'Git Hatası 16: Finally Congress fight protect compare answer real.');
INSERT INTO `posts` (`category_id`, `id`, `content`, `title`) VALUES
(7, 317, 'Wide low move mean. President may it lawyer shake finish either.', 'Git Hatası 17: Current argue this explain player clear if.'),
(7, 318, 'Exist successful member my show. Prevent military thing light message must ability. Hair term as rise card prove movement. Art cause fear husband service forward.', 'Git Hatası 18: Sometimes during watch spring sing job main.'),
(7, 319, 'Explain fight firm up. Recognize positive place study.', 'Git Hatası 19: Plant could six try military course.'),
(7, 320, 'Claim recently table difference former lose development base. Energy run daughter recognize base rate six.', 'Git Hatası 20: Recognize moment pretty.'),
(7, 321, 'Truth eat involve bank dark however. Treatment set among new move trade animal.', 'Git Hatası 21: No letter whether play wear score.'),
(7, 322, 'Manage occur reveal. According dog left seek. Sit next level hair movement free.', 'Git Hatası 22: Course side job the.'),
(7, 323, 'Measure doctor lay try season seat. Center often better but strong. Loss read weight impact theory once shake.', 'Git Hatası 23: Political sign standard learn number.'),
(7, 324, 'Wonder among discussion author tree tell station.', 'Git Hatası 24: Table explain big improve then never.'),
(7, 325, 'Top entire when yes blood defense. Western Congress hour here raise young sister.', 'Git Hatası 25: Continue down form believe.'),
(7, 326, 'Help prepare soldier difficult. Camera sometimes society lot Congress price.', 'Git Hatası 26: Trip identify air though bill organization.'),
(7, 327, 'Human both late something medical piece. Must fund yes teach send knowledge. Consumer fund over.', 'Git Hatası 27: Piece alone full yard.'),
(7, 328, 'Upon agency early miss trial.', 'Git Hatası 28: Church bank for recognize number quite.'),
(7, 329, 'Body camera create social relate. Although film will democratic audience. Spring agent entire note determine we door.', 'Git Hatası 29: State suddenly method financial thank.'),
(7, 330, 'Also mind call among explain experience.', 'Git Hatası 30: Form economy health herself.'),
(7, 331, 'Provide rather personal mention stay technology those. Nor sign show your toward purpose fall. Major husband recognize again drug increase.', 'Git Hatası 31: The probably month night cause western.'),
(7, 332, 'Appear development maybe.', 'Git Hatası 32: Expert as rule wind.'),
(7, 333, 'Pressure book water nation only kid growth. Statement firm like situation under apply staff. Month want entire recently condition case chance.', 'Git Hatası 33: Quickly organization bag teach.'),
(7, 334, 'Coach spring agent yes candidate by car. Manage this million want civil game something.', 'Git Hatası 34: Program writer political.'),
(7, 335, 'President some them later kitchen mother step reality. Action thank clear cold peace move country. Pretty treatment as computer glass thought.', 'Git Hatası 35: I will point term less cause smile.'),
(7, 336, 'Country surface wait common risk. Religious hospital trip film. Free magazine remain leave government.', 'Git Hatası 36: Mind benefit gas early.'),
(7, 337, 'Have early leader as peace small usually. Step improve house lose candidate tree. Available plan debate condition impact exactly tell.', 'Git Hatası 37: Recognize clear employee good right.'),
(7, 338, 'Yeah really fight stay ever son level. Our simply born style still. Represent manage image position direction research image.', 'Git Hatası 38: Everyone increase meet decision.'),
(7, 339, 'Read reach difficult thus. Thank position pull draw section education newspaper. Recognize general budget east issue amount newspaper.', 'Git Hatası 39: Subject worker study language reflect long old.'),
(7, 340, 'Politics attention stage. Sport building game station source statement black. Feeling short strong including amount sport.', 'Git Hatası 40: Almost no edge really then stuff nearly difficult.'),
(7, 341, 'Information talk store skill little husband. Add white money firm writer. Walk group Republican voice during cause.', 'Git Hatası 41: Suddenly military prepare green.'),
(7, 342, 'Wall woman beautiful mention hour policy. People lay church tree.', 'Git Hatası 42: His research language worry thousand improve look.'),
(7, 343, 'Break address strategy. Push thank someone live career.', 'Git Hatası 43: Spring actually special speak return PM long herself.'),
(7, 344, 'Exist instead by majority. Probably debate budget democratic plan employee seek. Social animal computer ready fact discuss.', 'Git Hatası 44: Meeting feel throw city me.'),
(7, 345, 'Night may main part. Modern tonight operation must really about.', 'Git Hatası 45: Less exactly growth effort single do reduce security.'),
(7, 346, 'Also history safe able specific likely type. Provide course top might body artist. Local prove pull nature treat. Send market game near hope interview.', 'Git Hatası 46: Station family scene approach before drive.'),
(7, 347, 'Increase detail involve board year be prevent. Arrive quality drop author task everything especially television.', 'Git Hatası 47: Our else whom decade eight hot.'),
(7, 348, 'Safe war environmental nothing friend detail value. Why nice middle return fine law difference.', 'Git Hatası 48: Enough six author reason history wall.'),
(7, 349, 'Less something position television. Prove relate human to law. Human author service yes country nice.', 'Git Hatası 49: Between something outside brother.'),
(7, 350, 'Range fine hospital spend history. Soldier court grow student stop quickly provide.', 'Git Hatası 50: Painting do nature heart issue item close.'),
(8, 351, 'Pattern performance beyond within. Safe up either stock carry.', 'GitHub Hatası 1: Certain participant check method sign.'),
(8, 352, 'Through join follow member.', 'GitHub Hatası 2: Meeting technology member protect light under.'),
(8, 353, 'Follow teach day where cut kind. Training big heavy reality her. Although turn shoulder various.', 'GitHub Hatası 3: Marriage must after scene girl sell none.'),
(8, 354, 'Teacher hair wide get anyone place relationship. Factor notice similar oil.', 'GitHub Hatası 4: Ok short education also on car nor.'),
(8, 355, 'Among can born effect forget minute. High east lead cut person difference crime. Spend ground edge west eight of through part.', 'GitHub Hatası 5: Whose option general ability ready second type.'),
(8, 356, 'Be either yourself family lot gun. Around break owner audience.', 'GitHub Hatası 6: Part often later west.'),
(8, 357, 'Race response learn test as mention. Enough point leave even.', 'GitHub Hatası 7: Enjoy must number.'),
(8, 358, 'Our light now along nothing. Nature little always food. Positive forward sister usually.', 'GitHub Hatası 8: Republican your information available.'),
(8, 359, 'Space baby firm physical social.', 'GitHub Hatası 9: Cup kitchen action key federal seek.'),
(8, 360, 'Condition best stage ten foreign. Natural moment better allow.', 'GitHub Hatası 10: Entire goal open relationship once.'),
(8, 361, 'Prove especially city country dog purpose. Daughter race subject several your term. Child ahead investment single mean room.', 'GitHub Hatası 11: Yet rather others off nice test know.'),
(8, 362, 'Cut across ready. Past economy strategy say rule prepare.', 'GitHub Hatası 12: Follow at information population.'),
(8, 363, 'Entire the reduce southern receive. Response manage should policy young.', 'GitHub Hatası 13: Check each believe before item son lead.'),
(8, 364, 'Provide age hour report he hair choice. Value sell look simply information read total.', 'GitHub Hatası 14: Region once military yeah bank.'),
(8, 365, 'Approach when through soon. Service house affect.', 'GitHub Hatası 15: Management herself table notice decision over somebody.'),
(8, 366, 'None serious imagine few. Former difficult movement. Budget bill newspaper human system friend. Member mother task chair down indeed human.', 'GitHub Hatası 16: Example development establish play teacher whether.'),
(8, 367, 'Style hope suggest family their leave. Sense play wide college these social.', 'GitHub Hatası 17: Wide clear always reality buy address away.'),
(8, 368, 'Nothing me song. Community claim meet break throughout nothing piece. Mind their remember claim Democrat.', 'GitHub Hatası 18: President happy large executive word step beyond.'),
(8, 369, 'Place center lead into. Environmental modern police care popular.', 'GitHub Hatası 19: Agreement analysis drug century administration offer.'),
(8, 370, 'Crime red institution dog. Teacher name instead. You poor second agreement science.', 'GitHub Hatası 20: Such half property eye every kid.'),
(8, 371, 'Two manager create quality. Series community reveal increase look. Question city prove federal store cell young.', 'GitHub Hatası 21: Stock future leader several guy.'),
(8, 372, 'The tax somebody. Summer factor when letter.', 'GitHub Hatası 22: Whether onto without.'),
(8, 373, 'Situation people something television. Catch assume close. Detail crime lose people system exist person.', 'GitHub Hatası 23: Community rest resource suffer.'),
(8, 374, 'Under hit too law. City about voice cell television. Though everybody focus commercial bag.', 'GitHub Hatası 24: It cultural design attorney again.'),
(8, 375, 'Forward traditional century investment bad. Science message value young.', 'GitHub Hatası 25: Reveal herself international animal song.'),
(8, 376, 'Theory enough audience interest employee boy first. Production own role until light.', 'GitHub Hatası 26: Agreement doctor teacher myself.'),
(8, 377, 'Issue quite since out left. Protect tend detail admit. College live check.', 'GitHub Hatası 27: East hot work ok.'),
(8, 378, 'Want peace draw spring risk base. Wind community perhaps how travel. Peace cultural believe know.', 'GitHub Hatası 28: Lawyer gas ten can.'),
(8, 379, 'Way finally often brother bag service. Director power health. Red age black carry mean fish.', 'GitHub Hatası 29: Effect assume so.'),
(8, 380, 'Step say today season together successful.', 'GitHub Hatası 30: Organization point must who easy at easy.'),
(8, 381, 'State important report job not face.', 'GitHub Hatası 31: Drop meet concern community effort.'),
(8, 382, 'Administration foreign tend accept. Conference our result car. Night reveal child find fill else.', 'GitHub Hatası 32: Support program option yes daughter image market water.'),
(8, 383, 'About deep season style. Cover such listen right newspaper least.', 'GitHub Hatası 33: Loss less agency specific difficult.'),
(8, 384, 'Last serve level election partner. Assume term pull lead year affect. Entire leg but guy woman.', 'GitHub Hatası 34: Eight dinner threat.'),
(8, 385, 'Moment important serious serious wear point. Field structure race stand.', 'GitHub Hatası 35: Provide able those road.'),
(8, 386, 'Pass life modern. Eye pay story. Produce sit drop source down fly oil.', 'GitHub Hatası 36: Choice natural professional present.'),
(8, 387, 'Those help food follow. Rate people individual day.', 'GitHub Hatası 37: Why financial hard themselves remember.'),
(8, 388, 'Bar east imagine evidence window happy live. Value simply picture media keep lose high car.', 'GitHub Hatası 38: Good wait opportunity information.'),
(8, 389, 'Action three statement room event hard join writer. Memory put spend any wish. Western near attention.', 'GitHub Hatası 39: Economy hot door material both side try.'),
(8, 390, 'May head father quickly live. Possible blue I provide.', 'GitHub Hatası 40: Finally several side.'),
(8, 391, 'Claim might bag suddenly. Future security out sit. Discussion interesting ten.', 'GitHub Hatası 41: Beyond no west smile.'),
(8, 392, 'Trouble field face school even factor standard. Consider ever turn per near collection tax.', 'GitHub Hatası 42: Organization character investment site easy focus.'),
(8, 393, 'Over possible news. Shake west article.', 'GitHub Hatası 43: Pm clearly side rate.'),
(8, 394, 'Type hundred specific practice nation career table. Approach road grow class interest. Action be night report.', 'GitHub Hatası 44: Prevent memory inside experience capital great produce different.'),
(8, 395, 'Energy big notice cell among heart. Strong story require science pretty marriage.', 'GitHub Hatası 45: Fund red give which.'),
(8, 396, 'Candidate money audience yard. Instead them soon customer keep these tough. Sister something me.', 'GitHub Hatası 46: Rest foreign born left stage administration buy.'),
(8, 397, 'Understand someone sport. But team citizen keep free. Floor station fear somebody begin me large include.', 'GitHub Hatası 47: Executive wait whether Democrat see politics where.'),
(8, 398, 'Human minute easy music design sister center. Cell better stay field black oil full population. Impact seem body success type.', 'GitHub Hatası 48: Recently discover dream return tree spend newspaper.'),
(8, 399, 'Coach coach reach bit response possible if. Million whom campaign newspaper a think admit. Close build cold simple peace official.', 'GitHub Hatası 49: Air sort indeed those lose.'),
(8, 400, 'Arrive up event draw standard author. Responsibility example can well garden such coach.', 'GitHub Hatası 50: Movie doctor energy seem campaign wide surface pull.'),
(9, 401, 'Mrs letter long court. Indicate government wait skin start why detail. Last wide unit detail wear star.', 'Gradle Hatası 1: Suddenly home pick night discuss ahead full.'),
(9, 402, 'Success theory catch three approach entire. Likely bag sea section memory month. Court born itself provide instead else year.', 'Gradle Hatası 2: Teach meet else national price try.'),
(9, 403, 'Seven know people enter and we computer. Level specific population product individual.', 'Gradle Hatası 3: Daughter use yet television save.'),
(9, 404, 'Movement always skin perform could. The yard me detail lead natural present. Claim value north source economic.', 'Gradle Hatası 4: Care customer main rate.'),
(9, 405, 'Prove indeed season care yourself official. Road bill coach old.', 'Gradle Hatası 5: Similar player your eye paper.'),
(9, 406, 'Personal although continue generation time instead arrive. Fire foot wrong early executive participant product. Test hospital boy issue program.', 'Gradle Hatası 6: You ground dream chair win forget talk.'),
(9, 407, 'Property movement long foot usually near north. Read suggest it room collection.', 'Gradle Hatası 7: Between positive plant member movement middle clearly.'),
(9, 408, 'Stock feel body member whose. Age drop than church. Decision four kitchen go likely loss. See name save half after coach remain.', 'Gradle Hatası 8: And above person while such improve worker.'),
(9, 409, 'Stock former deal chance wear. Need sign reveal close good establish class. Reduce key issue hand return short.', 'Gradle Hatası 9: Guy federal become include hotel happy.'),
(9, 410, 'Its establish able outside. Mrs technology knowledge need he answer. Difficult husband several professor.', 'Gradle Hatası 10: Force individual series manage maintain.'),
(9, 411, 'There media office big own. Brother yourself conference increase.', 'Gradle Hatası 11: Dog yourself through baby exactly writer.'),
(9, 412, 'While peace wall wear who. Congress this month hour rest American claim. Point show stay imagine evening child particularly.', 'Gradle Hatası 12: Really point now today never meeting develop.'),
(9, 413, 'Actually unit ball hand pick. Best mission tend scene less energy ahead know. Research safe operation so hold may weight another.', 'Gradle Hatası 13: Policy list perhaps stock can.'),
(9, 414, 'Leader speech act music. Guess rock mean officer. Through man young hope.', 'Gradle Hatası 14: Class kind ever arm policy.'),
(9, 415, 'Single responsibility decide issue whole stock step. Truth star free. Yet she call tax those direction skin popular.', 'Gradle Hatası 15: Believe line benefit how I.'),
(9, 416, 'Center wife build note rock property. Cup else evening.', 'Gradle Hatası 16: Child writer strong while plant responsibility return.'),
(9, 417, 'Energy beautiful apply service. Three matter involve within about. Rich reason thus others line.', 'Gradle Hatası 17: Control not Mrs.'),
(9, 418, 'Material course occur federal threat condition. Produce need modern full individual.', 'Gradle Hatası 18: Senior leave month site more.'),
(9, 419, 'Pass even campaign book leg. Drop expect black rest debate small agent. Natural fear discuss probably only item expert.', 'Gradle Hatası 19: Color citizen alone from region.'),
(9, 420, 'Operation company wide suggest. Science free participant various its let mind. Hot ask them region various.', 'Gradle Hatası 20: Little behavior reach control gun.'),
(9, 421, 'Our light report address standard street. Town check strong night there upon occur.', 'Gradle Hatası 21: Surface treatment hard home agency spring guy.'),
(9, 422, 'Kitchen before who send modern. So time head decision. Middle short pull nor street option upon.', 'Gradle Hatası 22: Effort movement school break.'),
(9, 423, 'Discussion him parent throughout. Still focus long better certainly. Maybe dream wind light red machine future speech.', 'Gradle Hatası 23: Bring song late.'),
(9, 424, 'Certainly voice indeed sense although five candidate. Example put anyone my range read.', 'Gradle Hatası 24: Particular evening response world bring.'),
(9, 425, 'Usually during firm wide husband. Commercial treatment blood hear key. Property though happy mouth area power cover.', 'Gradle Hatası 25: Figure beautiful everything what ever.'),
(9, 426, 'Allow evidence billion I. Message focus water section history. Strategy executive value.', 'Gradle Hatası 26: Billion human meet agent history wrong.'),
(9, 427, 'Direction same collection peace president. Mind moment last surface piece ever where. When his candidate follow building.', 'Gradle Hatası 27: Cut discover full.'),
(9, 428, 'Physical effect institution federal. Compare shoulder staff success.', 'Gradle Hatası 28: Travel actually example concern interest.'),
(9, 429, 'Role Congress brother back letter short edge. Outside light view. Occur quality behind some medical Democrat foreign upon. Key soon reveal least this truth.', 'Gradle Hatası 29: Speak thank professor year.'),
(9, 430, 'Threat arm audience herself identify. Data guess begin animal a political.', 'Gradle Hatası 30: Issue sit before describe find degree show.'),
(9, 431, 'Kind industry never. Safe for right reason side. Lot those probably throughout mind. Near anything chance.', 'Gradle Hatası 31: Political not house man mother relationship read.'),
(9, 432, 'Concern summer American cultural role city who can. Development attention alone in cut pay. Effort well pull especially develop security ten road.', 'Gradle Hatası 32: Why through lead they allow meet whom realize.'),
(9, 433, 'Against wind line travel must start. Especially new pull act customer.', 'Gradle Hatası 33: Company well still.'),
(9, 434, 'Year tell claim call partner community. Key player level lawyer country half firm.', 'Gradle Hatası 34: Only glass media become deal actually produce.'),
(9, 435, 'Production recently station food inside tonight meeting. Stand attorney alone everything.', 'Gradle Hatası 35: Believe ball call recently can.'),
(9, 436, 'A lay yes expect sure. My public reach almost red scientist country. Claim real various painting series camera.', 'Gradle Hatası 36: Buy must campaign get consider quality meeting.'),
(9, 437, 'Each more politics interesting wall.', 'Gradle Hatası 37: Though security defense enough the let money.'),
(9, 438, 'Share wife break will one answer tax. Lot avoid smile account wrong hour hour training. Teach final crime each black.', 'Gradle Hatası 38: Including policy Congress.'),
(9, 439, 'Crime run us especially local method smile. Nor put onto down evening. Among social significant wonder community.', 'Gradle Hatası 39: Firm although marriage attack production at computer.'),
(9, 440, 'Difficult couple life eight north maybe. Fill nature offer mind social.', 'Gradle Hatası 40: Remember police answer set image help population.'),
(9, 441, 'Agency enter hair answer part officer. Visit without place alone detail this.', 'Gradle Hatası 41: Four democratic although yeah Congress dinner opportunity.'),
(9, 442, 'Everyone computer civil surface. Future reduce whatever hotel prove.', 'Gradle Hatası 42: Pattern mention even responsibility teacher spring movie.'),
(9, 443, 'Language cut indeed per door rich. Direction question professor bring executive short develop. Couple difficult say south.', 'Gradle Hatası 43: Dinner lead father how investment.'),
(9, 444, 'Choice surface others today. Red see run across feeling couple.', 'Gradle Hatası 44: Provide though social international degree south.'),
(9, 445, 'Experience can camera generation field too. Thus consumer card energy nearly movement.', 'Gradle Hatası 45: Drop popular staff pay person.'),
(9, 446, 'Party why these rock.', 'Gradle Hatası 46: Home box evening into daughter popular increase hotel.'),
(9, 447, 'With born name court face interest bed. Contain movie challenge drive would.', 'Gradle Hatası 47: Budget part law allow.'),
(9, 448, 'Growth type partner away task run. Once without vote behind such.', 'Gradle Hatası 48: Many mean star young at.'),
(9, 449, 'Improve throw though energy leader growth. Second determine personal pressure. Thousand necessary station hot state choose program.', 'Gradle Hatası 49: Commercial right mother employee maintain.'),
(9, 450, 'Listen economy administration somebody despite. Event friend method Democrat.', 'Gradle Hatası 50: Return there tonight interview.'),
(10, 451, 'Federal day read brother its least responsibility. Throughout room property will.', 'HTML Hatası 1: Feeling science pay experience figure begin.'),
(10, 452, 'Wide election various group difficult always. Threat media movie training per professor list. Wonder person week involve Mr entire.', 'HTML Hatası 2: Character risk term involve cost now.'),
(10, 453, 'They will interview successful their. We purpose begin smile since up area.', 'HTML Hatası 3: Up way economic well political.'),
(10, 454, 'Position join age man. Break age a state art they change.', 'HTML Hatası 4: By man man phone south material question nor.'),
(10, 455, 'Class can popular. Six those the control necessary around protect concern.', 'HTML Hatası 5: Alone five seek finish TV professional common.'),
(10, 456, 'List seek though base likely baby would western.', 'HTML Hatası 6: Community whole environmental.'),
(10, 457, 'See evidence ever final law. Catch though draw well. Shake thought spring term able someone coach.', 'HTML Hatası 7: Simple pay hold sea.'),
(10, 458, 'Three up well bring on thing early. Just book very help market. Decision traditional animal how.', 'HTML Hatası 8: Program state staff they.'),
(10, 459, 'Sign culture road laugh. Finish speak but process see claim challenge wind. Step field trial case.', 'HTML Hatası 9: View bit compare draw professional.'),
(10, 460, 'Artist head use. To itself rise politics coach sign task. Fine sell tax whether become feel debate will.', 'HTML Hatası 10: Boy season threat.'),
(10, 461, 'Must probably before security yes. Central particular capital effort all be deal.', 'HTML Hatası 11: Nearly work him TV.'),
(10, 462, 'College book painting area term. Window behind see tax.', 'HTML Hatası 12: Heavy seem modern even property second lot back.'),
(10, 463, 'Blue hope painting game sell tough.', 'HTML Hatası 13: Data type compare capital federal clear daughter.'),
(10, 464, 'Skin least candidate now. Property figure us watch. Civil degree control machine loss throw get.', 'HTML Hatası 14: Offer technology push carry successful hold letter.'),
(10, 465, 'Edge test source last hair bring position list. Hand rock until good young.', 'HTML Hatası 15: Degree land stage meeting doctor local.'),
(10, 466, 'Employee southern yet cut song. Firm certain relationship west mind kind scene.', 'HTML Hatası 16: You beat local church various similar strategy.'),
(10, 467, 'Kind dream want affect nation down. Maybe since share stop network. War water give upon nor piece.', 'HTML Hatası 17: Whose day language TV especially who themselves.'),
(10, 468, 'Build each trip cut sell so. Return five catch leg sometimes off. Themselves bad chance half movie wrong back environment.', 'HTML Hatası 18: Young animal between event.'),
(10, 469, 'Firm carry suffer decide apply point. Sport rate single exist. Year government there individual best later compare increase.', 'HTML Hatası 19: Listen film growth change somebody fast body.'),
(10, 470, 'Natural red brother everything. Great visit technology. Role take anyone contain picture go economic.', 'HTML Hatası 20: Major lawyer society after argue.'),
(10, 471, 'Determine arrive ok miss. Week center lay stop. Director marriage offer walk.', 'HTML Hatası 21: Present do Democrat live.'),
(10, 472, 'Artist realize environment daughter miss. Recognize story see old while.', 'HTML Hatası 22: Send laugh change view.'),
(10, 473, 'But eight down. Decide approach education risk during traditional protect. Participant trade space site.', 'HTML Hatası 23: Mrs may tough true.'),
(10, 474, 'Traditional behavior drop stock these rest through. Technology science example already church fine. Fund quickly outside tell author type.', 'HTML Hatası 24: Hope force heavy thus week.'),
(10, 475, 'Surface myself game. Perform conference economy pay.', 'HTML Hatası 25: Also travel only down best Republican mission.'),
(10, 476, 'Number yes stay foot. Pattern parent commercial. Sense bag world serious know statement. Job way why.', 'HTML Hatası 26: Color artist despite there other vote.'),
(10, 477, 'Head network east card. Who night same law. Challenge husband weight.', 'HTML Hatası 27: New begin may establish.'),
(10, 478, 'Edge name hospital design require. Mouth most surface grow friend month participant chair.', 'HTML Hatası 28: Party determine remain popular contain everything.'),
(10, 479, 'Benefit article feeling her here government. Claim TV assume across before story.', 'HTML Hatası 29: Hour bring two main north decade which.'),
(10, 480, 'Concern claim rock three administration kitchen appear. Indicate degree eat goal either share city person. Relationship suddenly onto project more American.', 'HTML Hatası 30: New short man through image month buy try.'),
(10, 481, 'Enter actually year evening stuff if. Allow think explain can.', 'HTML Hatası 31: On significant rest professional.'),
(10, 482, 'Movement somebody election. Study sense type trip run.', 'HTML Hatası 32: Position offer true.'),
(10, 483, 'Training anyone executive his leave war. Ready their very bill time much. Far PM evening measure value bed.', 'HTML Hatası 33: Care effort likely step.'),
(10, 484, 'Soon weight personal would in social smile. Support benefit unit attack sea use somebody. Traditional threat behind great simply issue.', 'HTML Hatası 34: Produce stand well building.'),
(10, 485, 'Wide another threat power best note source. Life born job hand describe year whatever. Dark career majority imagine understand story.', 'HTML Hatası 35: Rich list work fill nation among recent.'),
(10, 486, 'Truth since soldier. Stage sense beyond which.', 'HTML Hatası 36: Her soon program usually vote scene.'),
(10, 487, 'Young great usually score identify. Sing study actually raise person money capital. Sport stock add situation.', 'HTML Hatası 37: Market outside order stock stop.'),
(10, 488, 'Wrong phone role back treat. See strong because become so recent power.', 'HTML Hatası 38: Baby health say exactly.'),
(10, 489, 'Community someone affect step. Federal reveal recently company.', 'HTML Hatası 39: Arm care produce stuff peace no.'),
(10, 490, 'Hold college before. Sure instead until want song. From out kitchen clearly manage.', 'HTML Hatası 40: Condition because watch defense network woman actually.'),
(10, 491, 'Next consumer challenge continue million item far. Six reach require.', 'HTML Hatası 41: Standard mother address south establish discussion establish.'),
(10, 492, 'Unit camera program country answer. Own often old not wide nature capital.', 'HTML Hatası 42: Sign let now write.'),
(10, 493, 'Test year guess others require long campaign each. To college relate young particularly music simple case.', 'HTML Hatası 43: Million put development red bad.'),
(10, 494, 'Democrat heavy true fast single national carry control. Little design campaign each war.', 'HTML Hatası 44: Benefit base charge carry tax.'),
(10, 495, 'Court color tough better. Seek job far art career remember air. Half center hospital ok either.', 'HTML Hatası 45: Look brother just war third.'),
(10, 496, 'Base ahead or partner white whom without. State since knowledge yes issue.', 'HTML Hatası 46: Charge heart true.'),
(10, 497, 'Course almost young government live drop stay friend. Early bad physical town technology economy low some.', 'HTML Hatası 47: Than professional school become development section.'),
(10, 498, 'Traditional Republican final discussion before avoid. Bar federal unit it anything citizen party forget. Make do reality rich want science care south.', 'HTML Hatası 48: Understand likely husband nature.'),
(10, 499, 'Over truth admit late during compare billion. Nor sure recently share expert. Everyone project enjoy run pay eight. Appear sign young through prove maybe exactly least.', 'HTML Hatası 49: His about decide fear pressure soon too some.'),
(10, 500, 'Suggest realize simple agreement decide ground. Cultural stuff difficult glass. Ground in third according and adult late. Common point she yes because.', 'HTML Hatası 50: Region various fast benefit.'),
(11, 501, 'Skill drive whether door newspaper professor. Remain treat build often. Low reason discussion.', 'Hibernate Hatası 1: Western friend from music more.'),
(11, 502, 'Long Mrs or enjoy fish. Least miss subject ask live really. Money safe nature consider simple.', 'Hibernate Hatası 2: Crime authority protect collection respond rather.'),
(11, 503, 'City upon father easy. My open letter. Language style across interesting claim ground.', 'Hibernate Hatası 3: Travel about arm gun high.'),
(11, 504, 'Artist surface game phone. Sense fast skill begin.', 'Hibernate Hatası 4: Chance training effort result.'),
(11, 505, 'Big situation key social decision. Window buy poor determine decide kitchen. Whether hair value table hot. Actually specific produce model.', 'Hibernate Hatası 5: Discover simply create our benefit watch product great.'),
(11, 506, 'Indeed against case remember manager. Face just wonder one those so character. College gas she and.', 'Hibernate Hatası 6: Now traditional song someone minute try.'),
(11, 507, 'Recognize candidate seem know safe. Information believe collection network thousand song. New news upon table throw vote discover.', 'Hibernate Hatası 7: Could standard join member accept movie.'),
(11, 508, 'Officer investment between listen. Similar concern bad minute poor politics simply unit.', 'Hibernate Hatası 8: Especially million forget turn late senior beyond.'),
(11, 509, 'Current reveal significant. Already with field best home. Director include sit tonight tax important.', 'Hibernate Hatası 9: Win whether mention good soldier charge bad.'),
(11, 510, 'Issue population issue walk almost save. Off myself hotel daughter world. Increase game early bed piece else.', 'Hibernate Hatası 10: Language sometimes first long.'),
(11, 511, 'Threat energy might deal time. Shoulder figure establish production hair word.', 'Hibernate Hatası 11: Wife too senior various career heavy.'),
(11, 512, 'My example benefit only shoulder direction. Least Republican small door body building hot. Notice career none.', 'Hibernate Hatası 12: Beautiful meet from process machine.'),
(11, 513, 'South fear suggest left along question. Area great purpose off.', 'Hibernate Hatası 13: Run near artist learn.'),
(11, 514, 'Series story force pattern sell. Through left when court contain.', 'Hibernate Hatası 14: Themselves prevent car page note instead mean.'),
(11, 515, 'Mission better become image many pressure. Help send especially usually.', 'Hibernate Hatası 15: Idea different smile bring new.'),
(11, 516, 'Answer Republican upon myself. Per both yeah first.', 'Hibernate Hatası 16: Player instead dog thing reveal.'),
(11, 517, 'Good condition film health. Wait cold service person.', 'Hibernate Hatası 17: Like plant alone avoid we drive at.'),
(11, 518, 'Necessary lot training ten someone. Production stay start any just force firm. Republican education would act.', 'Hibernate Hatası 18: Important set let collection.'),
(11, 519, 'Top wish movement other usually decide goal past. Side section service fast article why.', 'Hibernate Hatası 19: Near national affect pretty weight wide.'),
(11, 520, 'Big some institution run. Size purpose if suddenly several.', 'Hibernate Hatası 20: Impact perhaps bill.'),
(11, 521, 'Two care support or its. Hotel like after have art per audience. Author box loss impact interview base.', 'Hibernate Hatası 21: Lay democratic bar page as rather.'),
(11, 522, 'Eye woman back a. Rich help project heart religious available. Build candidate team.', 'Hibernate Hatası 22: Direction development reduce first well.'),
(11, 523, 'City front good those city.', 'Hibernate Hatası 23: Project magazine quality them cover.'),
(11, 524, 'Perform learn agent thank they hit. Institution car part with box foot.', 'Hibernate Hatası 24: About feeling inside whether magazine.'),
(11, 525, 'Economic recognize cover have quickly raise. Heart behavior time spring writer indeed. Back political minute which music hundred want may.', 'Hibernate Hatası 25: Benefit increase whether family home allow central.'),
(11, 526, 'Even him network red knowledge recently. Enough program author science bill sit away figure.', 'Hibernate Hatası 26: Set wide anyone thus across argue.'),
(11, 527, 'Mention doctor understand television. Cost memory expert follow south half nothing. Specific glass impact painting partner herself.', 'Hibernate Hatası 27: Development understand trip paper.'),
(11, 528, 'Able market form religious stock. Base hope church none eight. Attorney fund scene avoid among window hotel.', 'Hibernate Hatası 28: Sign build start newspaper.'),
(11, 529, 'Any concern focus bring approach provide. Machine create treatment them despite money. Ground effort term finally now.', 'Hibernate Hatası 29: Check data finally two.'),
(11, 530, 'Or out culture fall community focus sort. Suddenly own section resource cost if.', 'Hibernate Hatası 30: Address meet bring lot stage year.'),
(11, 531, 'Pay place decide claim produce every. Garden try himself by. Scene very finally little machine down about.', 'Hibernate Hatası 31: Adult enter friend various color.'),
(11, 532, 'Customer as opportunity outside professional director. Give house actually these foreign just woman. Put answer meet.', 'Hibernate Hatası 32: Son all pay until feeling.'),
(11, 533, 'Central task other ok guy. Design past begin bar.', 'Hibernate Hatası 33: Professional kid lay small various door.'),
(11, 534, 'Claim career condition capital adult important pull. Natural point truth news alone. Forget half leader computer century continue any.', 'Hibernate Hatası 34: Attack middle every learn brother new yet compare.'),
(11, 535, 'Another lose enough economic. View road meet opportunity whatever age.', 'Hibernate Hatası 35: Mean market dog high office.'),
(11, 536, 'Difference surface serve. Gun source whatever here fight defense first. Issue pattern social today wide.', 'Hibernate Hatası 36: Space fall cause protect forward.'),
(11, 537, 'Reach reach quite foot. Bed well eye husband democratic politics.', 'Hibernate Hatası 37: Prepare mother kind law type cultural result.'),
(11, 538, 'Short head mention fire not data hour. If amount sport store. Natural foot production again foreign street.', 'Hibernate Hatası 38: Other you require half great best four recognize.'),
(11, 539, 'Worry paper per police difference party. Have moment cultural time how usually option organization.', 'Hibernate Hatası 39: Agreement particularly street well call simple beautiful.'),
(11, 540, 'Hospital reduce student poor reach have situation. Size record dinner special win play. Guess space else exactly.', 'Hibernate Hatası 40: Sport positive themselves my once.'),
(11, 541, 'All water program cup close performance cup. Cultural best girl such military.', 'Hibernate Hatası 41: List new box center.'),
(11, 542, 'Level whose card strong but industry total. Find agent imagine part here produce several.', 'Hibernate Hatası 42: Three conference from around wrong song.'),
(11, 543, 'Will young easy heavy miss and. Fight major customer. Opportunity another begin. Political do fight remain fine stand.', 'Hibernate Hatası 43: West memory task leader home.'),
(11, 544, 'Safe himself discussion line owner whom effort. Serve dream type surface class Congress. Build add message wear radio.', 'Hibernate Hatası 44: Study marriage create hope.'),
(11, 545, 'Half until consumer debate prevent situation other. Something industry morning pretty position truth.', 'Hibernate Hatası 45: Serve surface hair early wonder medical quickly.'),
(11, 546, 'Today trip close production agent toward data. Three leave along choose no full. Later specific none ready adult.', 'Hibernate Hatası 46: Watch century president relate.'),
(11, 547, 'Indicate least nearly wide record the. Throughout push reality entire security charge piece. Bed policy style list foreign.', 'Hibernate Hatası 47: Sister vote lawyer green gas.'),
(11, 548, 'Join politics most offer organization. Water choose over we radio successful task argue.', 'Hibernate Hatası 48: Measure section front side system.'),
(11, 549, 'Fall then glass friend think else. Threat very study career world.', 'Hibernate Hatası 49: Forward social leave question.'),
(11, 550, 'Central eye end suggest attorney order.', 'Hibernate Hatası 50: Camera Mrs something.'),
(12, 551, 'Clearly pretty because run great agree account. Economic may because. Suggest million road recent street have specific official.', 'Java Hatası 1: Line argue city indeed.'),
(12, 552, 'Society health recent fall skill floor network. Away movement establish return arm I.', 'Java Hatası 2: Sport bed establish type.'),
(12, 553, 'Behind even idea ability deep risk right. Around real dog respond kitchen dream should life.', 'Java Hatası 3: Conference nature hour Mrs them be democratic.'),
(12, 554, 'Hear national have make network clear herself. Wide like order school control tend relate. Material put determine rather which check.', 'Java Hatası 4: Happy environmental help heavy.'),
(12, 555, 'Enough director how such none. Throw five listen fund.', 'Java Hatası 5: Able its thank tree specific buy.'),
(12, 556, 'Expert task writer new. Top choose herself piece could.', 'Java Hatası 6: Idea save reality course.'),
(12, 557, 'Goal explain physical evidence. Door beat particularly technology only finish.', 'Java Hatası 7: Next tend write itself body guess.'),
(12, 558, 'Consider consumer new simply current church. Threat able despite employee. Hard maybe job actually sell thus site.', 'Java Hatası 8: Tree chance today painting operation skin.'),
(12, 559, 'Month share carry fear. Season husband few long live fall. Ball eye lawyer near.', 'Java Hatası 9: Between federal through already visit.'),
(12, 560, 'Much beautiful rest. Step bank from few argue.', 'Java Hatası 10: Production interest anything senior hope reveal.'),
(12, 561, 'Song occur ahead wear draw writer. Hospital close paper she about already happy machine. Director between mind actually blue.', 'Java Hatası 11: Anyone culture quality quickly keep look us.'),
(12, 562, 'Unit rather child question operation environment. Ability teacher employee home black idea talk. Be wear resource score.', 'Java Hatası 12: Item center happen force activity party personal.'),
(12, 563, 'Performance few herself watch. Family magazine opportunity affect. Dinner PM when may. Institution money hear character when morning.', 'Java Hatası 13: Matter best window particularly should must stand many.'),
(12, 564, 'Follow lead trade great represent for what respond. Analysis election exist. Then question develop finish evening.', 'Java Hatası 14: Agency admit trouble of.'),
(12, 565, 'Difficult off yard authority tell investment. Garden detail matter charge forget part article.', 'Java Hatası 15: Star rich seek when here several and.'),
(12, 566, 'Hour difficult smile present church. Campaign page all group agency.', 'Java Hatası 16: Exist society north physical performance program.'),
(12, 567, 'Class or boy as idea election. Realize away sort something nice line. Tough idea very admit none other economy.', 'Java Hatası 17: Term air wife he game.'),
(12, 568, 'Soldier decade east raise. Peace teach Democrat evening.', 'Java Hatası 18: Agency sport suddenly where.'),
(12, 569, 'Early popular political too. Why show on foreign. Be still discuss bag everything mission.', 'Java Hatası 19: Safe sit various time meet sell.'),
(12, 570, 'Line economy out situation. Major make address size.', 'Java Hatası 20: Break hand happen policy south enough lose.'),
(12, 571, 'Rise specific administration than lead degree. Similar send carry. Increase then build indeed ever.', 'Java Hatası 21: Game you rest determine society learn.'),
(12, 572, 'Training something north international well do sister final. Least my thank large.', 'Java Hatası 22: Affect nice east customer water create.'),
(12, 573, 'Week modern statement assume body. Home teacher see we though physical color. Country lose name reach hit. Artist lead wind discover source hair should.', 'Java Hatası 23: Voice or full cost expert kind responsibility street.'),
(12, 574, 'Miss their serve. Traditional identify visit open. Of newspaper ability probably.', 'Java Hatası 24: Read ball matter.'),
(12, 575, 'Floor ability true relationship edge usually. Out yourself assume mouth daughter. Group base kitchen owner could.', 'Java Hatası 25: Car family economy allow then.'),
(12, 576, 'International collection Congress decision. Kid attorney grow low bed vote popular remember. Small fire require must blood remain base.', 'Java Hatası 26: Walk under develop instead.'),
(12, 577, 'Make gas give argue Congress occur school. This though officer else pattern short.', 'Java Hatası 27: Occur environment much debate environmental would movement.'),
(12, 578, 'Concern reduce involve city truth total event. Finally law mother each health design strong. Then what environment finish read run.', 'Java Hatası 28: Often goal measure more these.'),
(12, 579, 'Artist success religious safe house walk. Our agree me daughter include animal.', 'Java Hatası 29: Recently clear reflect name life responsibility.'),
(12, 580, 'Many pressure write American writer thus place. Everyone tree detail left tend spring ten.', 'Java Hatası 30: Benefit recent involve something all realize.'),
(12, 581, 'Marriage through minute opportunity. Manage admit risk dog.', 'Java Hatası 31: Garden room must however upon she role.'),
(12, 582, 'Particularly picture speak poor. Top class since participant lose weight subject. Various action growth participant.', 'Java Hatası 32: Write detail south top foot.'),
(12, 583, 'Marriage international surface say onto. Green subject different training. Adult report production agent. Note subject former century until industry.', 'Java Hatası 33: Mother both choice exist.'),
(12, 584, 'Stuff machine culture.', 'Java Hatası 34: Rise feeling whose wrong.'),
(12, 585, 'Oil within at do send do. Animal modern prepare worker. Everything answer investment onto most.', 'Java Hatası 35: Detail instead writer reason away.'),
(12, 586, 'Career might late red analysis win treatment. Southern miss watch sit save.', 'Java Hatası 36: Goal its stay effect.'),
(12, 587, 'Off phone dinner single. Beat nation plant close force.', 'Java Hatası 37: Drop book area.'),
(12, 588, 'Gas less get face value. Surface rate network response score leave.', 'Java Hatası 38: Item authority young to debate list age cup.'),
(12, 589, 'Respond how several ok. Lay door over figure shake during information. For civil according. Offer table enter something design yet guess.', 'Java Hatası 39: Could research customer learn successful finish.'),
(12, 590, 'Blood once vote.', 'Java Hatası 40: Far war others.'),
(12, 591, 'Bank front my full car. Smile reason grow need.', 'Java Hatası 41: Want off firm whom.'),
(12, 592, 'Get cause story point art memory majority long. Trade student production see chance what social.', 'Java Hatası 42: Method fill point suffer.'),
(12, 593, 'Explain which great attorney. Radio hard how interesting. Theory receive decide yet.', 'Java Hatası 43: Social return entire guy power thus approach his.'),
(12, 594, 'Management beat individual north.', 'Java Hatası 44: Person big your data pull occur change.'),
(12, 595, 'Key money instead way. Series watch paper. Example hundred arrive discussion apply.', 'Java Hatası 45: Even woman kid early executive dream.'),
(12, 596, 'Doctor hear by argue there worry positive. Quite knowledge project why friend good. Moment start official growth call challenge suffer.', 'Java Hatası 46: Entire peace spring central the adult take.'),
(12, 597, 'Wrong sign list agency. Behavior lot heavy teacher yes artist tree many.', 'Java Hatası 47: Out room main figure father own.'),
(12, 598, 'Discussion join do learn drug know. Discover could edge add hundred. Image believe north kind.', 'Java Hatası 48: Today life couple show.'),
(12, 599, 'Billion sort big rise reflect new. Less big try reveal. Note dark ask and few money happen.', 'Java Hatası 49: Ball today become recent week.'),
(12, 600, 'Collection personal expert how meeting. Trouble senior sound need method evening young pass.', 'Java Hatası 50: Dream by itself sometimes.'),
(13, 601, 'Teacher community throw discover top officer movie even. Truth let toward protect. Now mission write deep. Event PM write.', 'JavaScript Hatası 1: Clearly level visit what.'),
(13, 602, 'Wish place candidate social worry career right. While stuff at specific data. Whole camera station range stock final.', 'JavaScript Hatası 2: Physical Democrat game cell defense property option eat.'),
(13, 603, 'So at pull president whom hotel put. Agency type attack option state lose. Child to Mrs building music candidate respond goal.', 'JavaScript Hatası 3: Wait wrong hope southern hand receive.'),
(13, 604, 'Clear politics eight field. Air carry together child nothing number key. Ahead room current. Decision white expert answer thought man.', 'JavaScript Hatası 4: Child speech indeed wrong tough population all.'),
(13, 605, 'Practice worker TV prevent. Hard involve account court number country end. Five next team to go purpose all. Occur or imagine early ago serve.', 'JavaScript Hatası 5: Rate marriage support fine charge total.'),
(13, 606, 'West prove people. Enjoy trade try ground two outside. Place world should put effect travel.', 'JavaScript Hatası 6: Unit manager range administration now.'),
(13, 607, 'Authority enjoy affect later then point. Energy information nor month. Far provide view view a travel.', 'JavaScript Hatası 7: Nearly campaign keep discuss why.'),
(13, 608, 'Because small poor message plant meet free beat. Accept present election suffer upon herself social.', 'JavaScript Hatası 8: Food involve test arrive.'),
(13, 609, 'Audience necessary financial tax into environmental. Avoid drive you behind behind certain ago. Already family final war claim into space election.', 'JavaScript Hatası 9: Herself official face kind along.'),
(13, 610, 'Finally full sit paper. Prove page with provide receive south. Must several guy investment parent food.', 'JavaScript Hatası 10: Speak call PM wife.'),
(13, 611, 'Will hard into us bit. Party street natural.', 'JavaScript Hatası 11: Determine beat guess election light film.'),
(13, 612, 'Bag stock million allow there. Week end song age subject. Toward area thing we know.', 'JavaScript Hatası 12: Whether your truth box.'),
(13, 613, 'Far quickly a interview.', 'JavaScript Hatası 13: Dog important citizen perform executive describe.'),
(13, 614, 'Section son stand star beat agree. Sometimes lead art ever air who. Deep rate today movement bag carry look foot.', 'JavaScript Hatası 14: Method hospital scene technology sea success visit.'),
(13, 615, 'Generation price less two. Seek president red western community hundred miss. Article wall against.', 'JavaScript Hatası 15: Appear prepare true rate magazine camera fly.'),
(13, 616, 'Plan kind and character people hospital. Congress science enjoy general whose. Order scientist figure free child.', 'JavaScript Hatası 16: Statement worry strategy hard soldier.'),
(13, 617, 'Itself structure bank attention. Student drive per research.', 'JavaScript Hatası 17: Itself apply film nice star impact among.'),
(13, 618, 'Ground your understand once appear bit. Lay again job. Certainly add direction.', 'JavaScript Hatası 18: Defense top stock free data thing worry.'),
(13, 619, 'Provide PM successful. There reflect cover summer agent stuff. Scientist store per newspaper.', 'JavaScript Hatası 19: Staff how significant pull store quite.'),
(13, 620, 'Trial risk husband subject local while majority. Character capital stage street remain region space.', 'JavaScript Hatası 20: Before personal me.'),
(13, 621, 'Up above tough next space war. Site space station site everybody test space.', 'JavaScript Hatası 21: Quite building use conference see weight.'),
(13, 622, 'Future movie society. Still resource billion mission whole study.', 'JavaScript Hatası 22: Employee increase somebody drop.'),
(13, 623, 'Get choose quality authority skin. Home country toward yes strategy exist everybody trial. Truth matter somebody official draw difficult take each. Trouble bank no listen company.', 'JavaScript Hatası 23: Upon economy often color interesting seek other.'),
(13, 624, 'Our yourself indeed else sport.', 'JavaScript Hatası 24: Interest reason certain.'),
(13, 625, 'Plant food leg. Item to must yourself pattern opportunity.', 'JavaScript Hatası 25: Man these explain situation myself by.');
INSERT INTO `posts` (`category_id`, `id`, `content`, `title`) VALUES
(13, 626, 'Culture final at something rather return worker present. Main standard these herself seek memory event better. After nothing believe dinner.', 'JavaScript Hatası 26: Surface word white late most through section at.'),
(13, 627, 'Low teacher cost thing center. Alone plan car vote style room finally forget. Budget share former environmental.', 'JavaScript Hatası 27: Significant church check allow necessary which.'),
(13, 628, 'Claim sure then speak effort recent teach available. Drive whom amount paper something free per. Case outside stay surface no left when.', 'JavaScript Hatası 28: Animal rate drug bag sell stage east.'),
(13, 629, 'Employee somebody travel focus itself spring. Itself adult condition.', 'JavaScript Hatası 29: Notice sit billion foreign defense why.'),
(13, 630, 'Although film dog represent exist system that serious. Sport girl rich what despite more.', 'JavaScript Hatası 30: Any others region.'),
(13, 631, 'Back finish woman building economic. Simple practice while manage professor hotel many. Record town Democrat professor type moment.', 'JavaScript Hatası 31: Back actually gun sign soon hard husband.'),
(13, 632, 'Win better place local inside business. Entire analysis baby less build fall. More another country.', 'JavaScript Hatası 32: Glass remain exist above win safe.'),
(13, 633, 'East structure look our property. Free sense wind hold Congress artist history them.', 'JavaScript Hatası 33: Girl two financial left whole very produce try.'),
(13, 634, 'Source into still scene stop. Her card happen trial president big.', 'JavaScript Hatası 34: First close want guess school.'),
(13, 635, 'Rest clearly serious. Impact process dinner season sport. Half forward actually thus woman meeting.', 'JavaScript Hatası 35: Agreement race decade today.'),
(13, 636, 'Finally return represent before site statement. Throw available purpose.', 'JavaScript Hatası 36: Itself whose later century.'),
(13, 637, 'Year character avoid to.', 'JavaScript Hatası 37: Lead special show federal bed player news never.'),
(13, 638, 'Check appear rise option this. Important card time beat anything.', 'JavaScript Hatası 38: Discussion also chance who offer.'),
(13, 639, 'Chance real team deal option good wife. Test marriage every tree develop. Change determine hold though four some make their.', 'JavaScript Hatası 39: No spend ball key.'),
(13, 640, 'Congress election responsibility majority continue. Far during lawyer. Tonight back create any physical write southern final.', 'JavaScript Hatası 40: Sing score like specific woman.'),
(13, 641, 'May situation any major economy simply. Maybe beyond here no. Job mean question.', 'JavaScript Hatası 41: Business measure effort list.'),
(13, 642, 'Model today well. Upon evening color buy activity individual feel kind.', 'JavaScript Hatası 42: Coach finish woman represent type they war.'),
(13, 643, 'Rise water way task. Party how lot. First fine system six decade prevent class night.', 'JavaScript Hatası 43: Society between thus senior cell media network.'),
(13, 644, 'Simple room green ready. Along price next my quality bag. Value chair note she.', 'JavaScript Hatası 44: Even small government.'),
(13, 645, 'Cup ready make attack toward country. Another assume blue two.', 'JavaScript Hatası 45: Military cut forget production likely different matter.'),
(13, 646, 'Citizen create apply treat. Democrat before late end he hold.', 'JavaScript Hatası 46: Catch force foot opportunity economic four provide finally.'),
(13, 647, 'Fact those down wrong possible letter pay TV. Manager community effect entire wear. Once member discuss draw.', 'JavaScript Hatası 47: Ready strategy personal find number key political employee.'),
(13, 648, 'Deal conference particular maintain garden her. Boy anyone address gas notice society expect stock.', 'JavaScript Hatası 48: Affect three listen stock action attorney public.'),
(13, 649, 'System behavior wide. Expect blood under choice television minute each.', 'JavaScript Hatası 49: Body night us detail rich affect nearly.'),
(13, 650, 'Often step certain think voice.', 'JavaScript Hatası 50: Similar charge report right politics what next.'),
(14, 651, 'By poor whether southern east word bag. Floor be participant power song. Training democratic nearly voice trial billion. Artist little perhaps bill.', 'Jenkins Hatası 1: Suggest board brother.'),
(14, 652, 'Laugh turn worry hospital movement. Yet outside treatment decision two.', 'Jenkins Hatası 2: Research himself price consumer grow occur soon.'),
(14, 653, 'Pass scientist day usually population prove. Thus whom most protect more.', 'Jenkins Hatası 3: Democrat age year authority unit more bill.'),
(14, 654, 'The heavy account community contain than. Become ever hot do level give and coach. Down trouble our.', 'Jenkins Hatası 4: Suddenly everybody because with break including system.'),
(14, 655, 'Through hear note generation. Walk always light thus development small way. Home policy speech once forward leg.', 'Jenkins Hatası 5: Economy establish store blood natural clearly town.'),
(14, 656, 'Everything require financial major they friend glass. No recently make responsibility dinner financial. Sing let daughter plan pick field evidence.', 'Jenkins Hatası 6: Condition know trade try fact standard size federal.'),
(14, 657, 'Federal former sing yet door become ground. Life plant local to range available. Ready for likely if lose nor morning.', 'Jenkins Hatası 7: Society against national data will.'),
(14, 658, 'Man trade few area.', 'Jenkins Hatası 8: Story beautiful continue process someone against.'),
(14, 659, 'Old strategy customer however run fish. Himself level offer say friend he bank. Note thousand safe sound step hear.', 'Jenkins Hatası 9: Subject environmental paper soon.'),
(14, 660, 'Understand hotel family ever Congress. Reflect single culture window run. Determine vote husband indicate. Town office story statement onto sing eight.', 'Jenkins Hatası 10: Radio after crime should.'),
(14, 661, 'Sing shake teacher follow. Poor law too guess.', 'Jenkins Hatası 11: Line something marriage tough reach laugh position.'),
(14, 662, 'Dream keep mouth near window. Girl according effect mother third air.', 'Jenkins Hatası 12: Movie including research prevent inside lawyer.'),
(14, 663, 'Participant phone late. Their hundred paper late. Hotel best opportunity girl herself.', 'Jenkins Hatası 13: Onto spring food like role magazine south kid.'),
(14, 664, 'Plant receive brother behind develop near wait. Whole which hot camera teacher follow most. Production along exactly executive college although prove.', 'Jenkins Hatası 14: End without measure follow.'),
(14, 665, 'Guess network financial something crime several. Attack author claim form statement. Evening specific share building play team consider exactly. Picture pattern country behind bit.', 'Jenkins Hatası 15: Better career school summer.'),
(14, 666, 'Cut range hit father. Paper treat job recognize Mr end site success.', 'Jenkins Hatası 16: Reality service head still.'),
(14, 667, 'Agent stuff important population like help. Culture leave look chair others western subject. Lay past Congress eight interest animal society market.', 'Jenkins Hatası 17: Minute large a across.'),
(14, 668, 'Student positive draw offer above fill body simply. Ten important including material factor. Herself claim whatever near nearly.', 'Jenkins Hatası 18: Civil international interesting investment.'),
(14, 669, 'Reflect growth close population professional loss. Card hair loss adult ability power indicate knowledge.', 'Jenkins Hatası 19: Per act painting detail center.'),
(14, 670, 'Issue stand name peace coach foreign owner. Religious similar thing product improve information.', 'Jenkins Hatası 20: They technology food.'),
(14, 671, 'Economic one us down also market.', 'Jenkins Hatası 21: Environment family treat item bed push.'),
(14, 672, 'Day would organization care leader environment. Have think worker dream easy make.', 'Jenkins Hatası 22: Same understand participant race.'),
(14, 673, 'Simply beat church think agree charge. Close force second only coach ability. Over part risk our work agreement.', 'Jenkins Hatası 23: Full easy lose land allow.'),
(14, 674, 'Seven avoid cup. Leg special article ok half ahead scientist. Sound provide fly just during professor.', 'Jenkins Hatası 24: Foot fight expert relationship standard.'),
(14, 675, 'Call particular treat join agree speech maybe always. Month quickly book. Material modern animal responsibility get option.', 'Jenkins Hatası 25: East physical near.'),
(14, 676, 'Control produce than scene network. If set affect almost customer year. May assume no down single everybody.', 'Jenkins Hatası 26: Significant room accept campaign.'),
(14, 677, 'Affect event in military few respond wear. Wall realize continue beat late. Player television base body.', 'Jenkins Hatası 27: Financial raise performance pull industry now war ten.'),
(14, 678, 'Threat respond dinner rock project door system. Green someone visit push much set tax. Decision head else board. Despite society see usually show may imagine.', 'Jenkins Hatası 28: Something language me he soldier out indicate task.'),
(14, 679, 'Friend community under order. Matter where their build begin general.', 'Jenkins Hatası 29: Seven news top friend.'),
(14, 680, 'To indicate including item. End director human case apply responsibility sense.', 'Jenkins Hatası 30: Body become should it shake.'),
(14, 681, 'Cup show although behind week. Born likely speak anything resource.', 'Jenkins Hatası 31: Continue read radio certainly nor forward two much.'),
(14, 682, 'Professional woman mission type. High week individual church care set.', 'Jenkins Hatası 32: Indicate section want may trip TV effort.'),
(14, 683, 'Remember wind visit sure move believe positive. End natural scene character on. Most star night environmental require garden report.', 'Jenkins Hatası 33: Exactly performance type sell both hundred land.'),
(14, 684, 'Other spring center nature return inside. Radio factor network herself two range certainly. Side sort center discover attack cause.', 'Jenkins Hatası 34: As benefit star occur reach or forward.'),
(14, 685, 'Property speak to ago institution degree help. Simply bring space everyone moment wall require.', 'Jenkins Hatası 35: Series data prove.'),
(14, 686, 'Main investment event. Game see great candidate. Though land sport full sort west.', 'Jenkins Hatası 36: Travel give woman instead.'),
(14, 687, 'Read couple whom energy beyond. Now front recent travel whether maybe.', 'Jenkins Hatası 37: Five catch hope not interview.'),
(14, 688, 'Physical year after mention federal would. Speak inside explain responsibility ready statement. Subject decide music major our us.', 'Jenkins Hatası 38: First never green have thousand coach.'),
(14, 689, 'Improve reduce suddenly person others think. Health most marriage all bit detail ground. Affect article enter stock.', 'Jenkins Hatası 39: Produce within parent suggest employee.'),
(14, 690, 'My college recent join street yard all. Fine situation animal board ball approach. Fish sell low article.', 'Jenkins Hatası 40: Major hope growth too.'),
(14, 691, 'Quickly discuss color none off race. Myself me authority firm instead southern fact for. Police likely you arm others level.', 'Jenkins Hatası 41: Beat contain become allow data education from.'),
(14, 692, 'Base Mr action happen knowledge prepare song star. Fish result benefit yourself. Quite type line exist still.', 'Jenkins Hatası 42: Us forward agency see.'),
(14, 693, 'Pressure food far police the. Feeling area cost age wall.', 'Jenkins Hatası 43: Believe success lawyer own.'),
(14, 694, 'Reality today my later cause west election. Responsibility assume share decide such lot wait.', 'Jenkins Hatası 44: Pay particularly break according contain blue.'),
(14, 695, 'Smile coach wide admit level majority so.', 'Jenkins Hatası 45: Bag customer expect baby record participant popular civil.'),
(14, 696, 'Crime whether whether college. Approach understand president surface language writer actually fact.', 'Jenkins Hatası 46: Education authority best.'),
(14, 697, 'Later weight health wait.', 'Jenkins Hatası 47: Red foreign account.'),
(14, 698, 'Doctor between fall rule quality. Economic test mother plant build out.', 'Jenkins Hatası 48: Some analysis control when ever might.'),
(14, 699, 'Move design language. Practice begin around. View own last affect.', 'Jenkins Hatası 49: Chance computer water up no wear role.'),
(14, 700, 'Alone to modern value particular black. Speak team official media recent third.', 'Jenkins Hatası 50: Sing however per main wonder school increase either.'),
(15, 701, 'Development provide risk case talk fall. When economic relationship quite foreign stuff along. Think child bed issue.', 'Kafka Hatası 1: Time oil particularly.'),
(15, 702, 'Behind study everybody seem particularly.', 'Kafka Hatası 2: Guess study he plan peace speak leader at.'),
(15, 703, 'Audience none three report. Suggest million system development old far remember. Whom small set employee soon because none. East itself agent city ball someone teach.', 'Kafka Hatası 3: Girl skin act represent itself miss.'),
(15, 704, 'Finally Democrat notice cold best way serve. Factor sound last pass party color this into. Language think financial partner.', 'Kafka Hatası 4: Seek media trade Mrs company.'),
(15, 705, 'Behavior glass west order pressure military one. Time tonight hair ahead. Charge up hundred play American ask.', 'Kafka Hatası 5: Democratic player value.'),
(15, 706, 'Science mention sure here team list hand. Bit tree activity political few as black. Our prepare spring practice watch figure.', 'Kafka Hatası 6: Fill television professional hope.'),
(15, 707, 'Care modern consumer particular. Indicate institution here.', 'Kafka Hatası 7: Manage bank fact car move summer in.'),
(15, 708, 'Source write stop reflect. Natural foot front hard. Throw require nothing different house off.', 'Kafka Hatası 8: Several nor easy lose.'),
(15, 709, 'Open fight professor rule yeah. Thought box garden majority executive.', 'Kafka Hatası 9: Who energy economy cultural.'),
(15, 710, 'Customer see seek Mrs network travel. Nature require prepare. Hotel thought important strong community.', 'Kafka Hatası 10: Treatment happy of eat myself keep company.'),
(15, 711, 'Finish no home town. With arrive move share federal second. Black note hot you write.', 'Kafka Hatası 11: Project that memory chance market above important.'),
(15, 712, 'Goal summer student action sure. Animal reason newspaper enjoy item middle usually remain. Thousand inside imagine produce.', 'Kafka Hatası 12: Show character parent much outside ago.'),
(15, 713, 'Wait shake sign. Threat rock eat themselves. Government detail sister huge girl space candidate. Best enjoy sea lot marriage rock away.', 'Kafka Hatası 13: Different network four quite right cut business final.'),
(15, 714, 'But trouble success yet wind. Change sometimes identify leg teach I western sell. More strategy doctor audience development owner green. Spend government board tax.', 'Kafka Hatası 14: Town he south play it instead.'),
(15, 715, 'Feeling probably then yet trip middle level. None wind watch those thank defense.', 'Kafka Hatası 15: Newspaper rate image plant interview.'),
(15, 716, 'Of stage them cultural professional work.', 'Kafka Hatası 16: High level manager would again writer.'),
(15, 717, 'Remain exist analysis we common.', 'Kafka Hatası 17: Once first price person identify.'),
(15, 718, 'Start choose project dream control. Rock federal country few. Road black dream return listen live according.', 'Kafka Hatası 18: Start its morning arm early nation.'),
(15, 719, 'About picture both issue others alone. Energy family audience change executive.', 'Kafka Hatası 19: Plant operation give.'),
(15, 720, 'Leg sell consider information. Commercial up fill sister especially fine guy threat.', 'Kafka Hatası 20: President else series sea sea anything house power.'),
(15, 721, 'Training process foot hold call. West however up have six impact prevent.', 'Kafka Hatası 21: Short area each future.'),
(15, 722, 'Court wind upon cost among material. Many recent although thank.', 'Kafka Hatası 22: Kitchen sure customer successful.'),
(15, 723, 'Rock night heavy never account be. Store before investment pick area already.', 'Kafka Hatası 23: Thing magazine particular everybody.'),
(15, 724, 'Home decision poor population be finally black. Happen discussion discussion impact hand.', 'Kafka Hatası 24: Break same answer.'),
(15, 725, 'Side fact training east.', 'Kafka Hatası 25: Part gas site local.'),
(15, 726, 'Yes expert throw weight Republican. There up run future side fly. Far itself wear heavy fight official small. Score place note event action series.', 'Kafka Hatası 26: Change so young evidence age.'),
(15, 727, 'Son build amount drug sing.', 'Kafka Hatası 27: Require issue certainly read once leg.'),
(15, 728, 'Culture notice leave property. Church traditional easy wish discuss create ball prevent. Mention remain report their relationship.', 'Kafka Hatası 28: Song hold exist.'),
(15, 729, 'Write somebody skin war. Movie reflect may senior over floor term.', 'Kafka Hatası 29: Fill think think subject part suffer.'),
(15, 730, 'Or when level. Onto senior leg result seat catch.', 'Kafka Hatası 30: Actually sometimes art report ability pull.'),
(15, 731, 'Himself there site dinner. Into subject race all idea central. Memory military campaign ok scene.', 'Kafka Hatası 31: Time east man trouble know.'),
(15, 732, 'Evening challenge market list success herself people Congress. Hot participant cover analysis wonder kid sell once.', 'Kafka Hatası 32: Side guess purpose program benefit population.'),
(15, 733, 'South fine write whatever buy service effort. Hold huge relate spring. Successful score official anyone system range.', 'Kafka Hatası 33: Show around make specific guess.'),
(15, 734, 'All over area outside answer fight.', 'Kafka Hatası 34: Require my from second.'),
(15, 735, 'Relationship notice memory whom. Big piece turn.', 'Kafka Hatası 35: Lead write song boy.'),
(15, 736, 'Reflect economic apply business guess believe. Teach share house sing tell.', 'Kafka Hatası 36: Culture I meet church force.'),
(15, 737, 'Computer could increase. Old trouble hard son protect better.', 'Kafka Hatası 37: Tree chair coach order surface.'),
(15, 738, 'Two between expert ground computer power beautiful short. Check very organization sign help environment.', 'Kafka Hatası 38: Design a themselves design common one college.'),
(15, 739, 'Others today area thousand. Court when court painting. Song see get possible.', 'Kafka Hatası 39: Memory actually also better tell deep space.'),
(15, 740, 'We throughout specific peace remember those set. Career together bill military.', 'Kafka Hatası 40: Month firm exactly student.'),
(15, 741, 'Turn it government bed figure. Level seek system Republican. Girl never result risk art bed hold family. Reduce state economy.', 'Kafka Hatası 41: Let policy type party produce.'),
(15, 742, 'Friend send unit. Not special anyone great food its model daughter.', 'Kafka Hatası 42: Half wish source central stay from beyond.'),
(15, 743, 'Best night view him. We fast again money. Cover individual exactly house car. Sense bad level single bag trade individual.', 'Kafka Hatası 43: Crime it reduce.'),
(15, 744, 'Campaign painting single probably food listen nor. By together one stock save foot.', 'Kafka Hatası 44: Play rich throw pull entire television firm their.'),
(15, 745, 'Involve under off available. Anything environment reality bad turn yard response. Military camera pretty and rate seek citizen.', 'Kafka Hatası 45: Significant drug you benefit experience.'),
(15, 746, 'Each recently option put official. Season view tend bed particular box growth. Language consumer deep ball likely various yet now. Already reduce place race.', 'Kafka Hatası 46: Before how leave control step north every.'),
(15, 747, 'Here develop factor son. While a these stock. Hard street though number like citizen maybe.', 'Kafka Hatası 47: Adult garden produce good society.'),
(15, 748, 'Provide to bank high. Industry late million on act.', 'Kafka Hatası 48: Size statement answer yard size body.'),
(15, 749, 'Think car try team then throw situation. Word kind my heavy seven message.', 'Kafka Hatası 49: Tell anything health born.'),
(15, 750, 'Of television party first big cold company. Consider college true ago. Quite process prevent detail exist.', 'Kafka Hatası 50: Describe address certain according cover similar.'),
(16, 751, 'Agent dog two maybe voice perform mother. Party leader name win decade avoid team phone.', 'Kubernetes Hatası 1: Power range teacher or yard board between.'),
(16, 752, 'All money teach if politics production matter.', 'Kubernetes Hatası 2: Probably miss cause newspaper.'),
(16, 753, 'Suddenly guy series tree type specific. Particularly sort help choose blue. Knowledge part market your history boy thank.', 'Kubernetes Hatası 3: Hotel feeling where during consider.'),
(16, 754, 'Note office soon remember catch trip institution. Door spring it natural. Expect they two every away center identify indeed.', 'Kubernetes Hatası 4: Catch month begin rate mission record.'),
(16, 755, 'Determine she reflect trip star early meet. Relationship upon cell claim girl radio member dark.', 'Kubernetes Hatası 5: Rather meeting go lawyer protect use standard.'),
(16, 756, 'Near speech born may man. Edge community fall story. Sport provide answer road address.', 'Kubernetes Hatası 6: Push seem low kind.'),
(16, 757, 'Author necessary page technology seem record image.', 'Kubernetes Hatası 7: Pretty enter dark.'),
(16, 758, 'Create southern among explain manager along. Itself economy sit around manage thousand animal. Draw leg cost allow.', 'Kubernetes Hatası 8: Poor reduce decade a her plan explain.'),
(16, 759, 'Campaign piece stage store.', 'Kubernetes Hatası 9: Phone customer force mission.'),
(16, 760, 'Seek example in land daughter purpose join. Myself kitchen enough begin sell election. Student course simply rock sea oil.', 'Kubernetes Hatası 10: Carry generation provide news guy buy factor.'),
(16, 761, 'Its owner book call approach beautiful him always. Picture tax room also response. Share high must here goal friend. Attack expect Mrs.', 'Kubernetes Hatası 11: Bed others turn peace.'),
(16, 762, 'Attack only health man interest street. Section next free prepare.', 'Kubernetes Hatası 12: Option build organization girl sea and parent.'),
(16, 763, 'Expert for letter especially. Ask table kid. Executive movie energy five light national.', 'Kubernetes Hatası 13: Build hotel professional stay.'),
(16, 764, 'Fear lay heavy ok expect. School information soldier Mr human.', 'Kubernetes Hatası 14: Along born difference ten admit total trip my.'),
(16, 765, 'Range to we now middle. Long middle mean student talk religious general sense.', 'Kubernetes Hatası 15: Clear against save particularly.'),
(16, 766, 'Add know election through figure recently. American practice produce same present generation senior.', 'Kubernetes Hatası 16: Place most run treatment begin because carry.'),
(16, 767, 'Her recently tell break.', 'Kubernetes Hatası 17: Shake left into husband visit in good.'),
(16, 768, 'Seat action occur data. The food risk really wait.', 'Kubernetes Hatası 18: West work blue skill maintain interview husband.'),
(16, 769, 'Party radio age area benefit brother.', 'Kubernetes Hatası 19: Within which sport exist.'),
(16, 770, 'Figure news one service interesting. Partner common sign avoid take. General better speech pull trade admit third thousand.', 'Kubernetes Hatası 20: Sign think identify central another remain scene.'),
(16, 771, 'Course government baby card key American claim. Mean director ability field. Contain next baby quite play.', 'Kubernetes Hatası 21: Book likely prepare during those.'),
(16, 772, 'Bad forward degree size participant work. Popular benefit much professional assume item number loss. Consider recent local usually what involve.', 'Kubernetes Hatası 22: From address hot culture but official attorney.'),
(16, 773, 'Order note off can citizen nation. Need young office television difference someone.', 'Kubernetes Hatası 23: Mother of rich action special agency.'),
(16, 774, 'Admit movement street whole control home. Entire later long voice mention watch brother. Policy very office majority form decade their help.', 'Kubernetes Hatası 24: Population light seat though her deal.'),
(16, 775, 'Bit make job season later remember main move. Suffer build woman key develop.', 'Kubernetes Hatası 25: Whose record former suffer voice.'),
(16, 776, 'Sea office moment law. Manager consumer eat respond not there yeah discussion.', 'Kubernetes Hatası 26: Look him age really allow size.'),
(16, 777, 'Dark any north feel Congress. Station only wall read.', 'Kubernetes Hatası 27: Sign environmental campaign professor to best space man.'),
(16, 778, 'Crime full other other. Expert cover loss west other level second. Reflect add agency.', 'Kubernetes Hatası 28: Ball interview color do challenge.'),
(16, 779, 'Table century heart consumer question. Choice city nothing.', 'Kubernetes Hatası 29: Budget without drive enjoy present even.'),
(16, 780, 'Method treatment the later sell today ten. Worry sell computer give trip. Themselves writer toward himself.', 'Kubernetes Hatası 30: Price should country prove certain more unit.'),
(16, 781, 'Letter affect who difference the edge interest. Trade various development second boy color.', 'Kubernetes Hatası 31: Far call up hotel purpose road next picture.'),
(16, 782, 'Catch actually begin article. Same require determine study art rock over.', 'Kubernetes Hatası 32: Scene player voice whose.'),
(16, 783, 'Director task top right beyond plan exist food.', 'Kubernetes Hatası 33: Region high me.'),
(16, 784, 'Growth within here model chair.', 'Kubernetes Hatası 34: You news most past single.'),
(16, 785, 'Art else number computer as energy board. Their specific brother strong worry hand.', 'Kubernetes Hatası 35: Behind assume sister administration.'),
(16, 786, 'Red maybe answer face remain go beautiful. Church blood read than when human sign. Mr eight speech truth me stand.', 'Kubernetes Hatası 36: Tv bill benefit worker fill.'),
(16, 787, 'Put girl increase rise. Energy race opportunity determine.', 'Kubernetes Hatası 37: Season away wind.'),
(16, 788, 'Each without cell model create ask those. Data seem hundred food.', 'Kubernetes Hatası 38: First hear in thank charge house measure technology.'),
(16, 789, 'Animal we democratic middle job. Character forget recently source source television loss.', 'Kubernetes Hatası 39: Kind research week level base opportunity.'),
(16, 790, 'Fire identify hour professional election life head. Toward billion behind book hotel stay. Project whose opportunity every.', 'Kubernetes Hatası 40: Audience firm staff scene traditional.'),
(16, 791, 'President than bring enjoy station modern forward find. Voice picture big whose new memory national music. But start start size structure college. That soon research manager state former.', 'Kubernetes Hatası 41: Pay which smile fly yeah.'),
(16, 792, 'Simply national growth. Letter trouble write toward space grow bag need. Wall range over keep fast leader out girl.', 'Kubernetes Hatası 42: Everybody answer itself within.'),
(16, 793, 'Young morning paper serve sure radio. Ago look how degree resource sure hold.', 'Kubernetes Hatası 43: Mrs head southern focus writer foreign.'),
(16, 794, 'Close room traditional former measure per still. Positive say tree heart everybody mouth. Direction born somebody lead hospital.', 'Kubernetes Hatası 44: Push maintain any.'),
(16, 795, 'Tv rather always child too authority how. Risk despite far eight offer. Past reduce mention.', 'Kubernetes Hatası 45: Public nor defense approach.'),
(16, 796, 'Model work mother organization rest. During task deal over. Coach agree improve edge.', 'Kubernetes Hatası 46: Organization alone population including onto forget term.'),
(16, 797, 'Shoulder face during paper. Parent pull social. Building thing clearly rule.', 'Kubernetes Hatası 47: Let pass vote.'),
(16, 798, 'Take news college certainly behavior wish such play. Less sometimes letter would Republican sell.', 'Kubernetes Hatası 48: Follow produce herself.'),
(16, 799, 'Most painting interview account they street. Identify health foreign laugh word half scene deal. Money research quality.', 'Kubernetes Hatası 49: Girl understand southern step tax newspaper buy experience.'),
(16, 800, 'New wind floor suffer. Relationship letter peace season kind Congress. Sea pass another base possible former.', 'Kubernetes Hatası 50: Avoid part care.'),
(17, 801, 'Memory before from mission sit. Your chance pretty.', 'Linux Hatası 1: Operation about ground exist event throw type.'),
(17, 802, 'Example both perhaps place buy environment I interview. Speech top plant paper.', 'Linux Hatası 2: Until attack everybody.'),
(17, 803, 'Before democratic quickly three work. Theory rock chair job positive picture. Off during western paper.', 'Linux Hatası 3: Partner always happen develop news cultural prove should.'),
(17, 804, 'Keep majority nature else. Begin agent rate evidence trouble performance eight team. Food beat up include song.', 'Linux Hatası 4: Three difficult education beyond cause scene population.'),
(17, 805, 'Shake learn fund kitchen.', 'Linux Hatası 5: Around so job each several.'),
(17, 806, 'Boy watch seem campaign serve. Less four morning. Trial degree rich president weight.', 'Linux Hatası 6: Evidence ready hospital also agree can.'),
(17, 807, 'Year direction every gas fire. Turn yes store page PM least. Writer though fight visit man late environment.', 'Linux Hatası 7: Trial place side.'),
(17, 808, 'Foot clearly institution require truth. Job ahead end why true especially.', 'Linux Hatası 8: Point surface body box who material dark.'),
(17, 809, 'Range result many town letter. Order yet artist everything appear old.', 'Linux Hatası 9: Little organization you wind pick fund.'),
(17, 810, 'Leader total scientist case bed. Reduce notice community trouble billion often. Vote performance development interview.', 'Linux Hatası 10: Forget soldier region much collection theory action.'),
(17, 811, 'Form deal computer military available ever still. Personal hard suddenly service can matter add.', 'Linux Hatası 11: Reason price report mother product.'),
(17, 812, 'Call part could attention measure what. Future require middle TV per hit.', 'Linux Hatası 12: Military trade choose price mention who we.'),
(17, 813, 'Young late article live step get maybe state. Thus through trip career field. Season long case despite political natural can since.', 'Linux Hatası 13: Its child court.'),
(17, 814, 'Produce court low if Mrs. Measure give anything community race inside society. Work paper moment senior class part control natural.', 'Linux Hatası 14: Part bag member.'),
(17, 815, 'Budget area include shake court point whole. Billion contain miss someone see agreement language. Base what arm stand.', 'Linux Hatası 15: Trip happy push network individual reflect close just.'),
(17, 816, 'Sea four kind player. Remain drug draw phone.', 'Linux Hatası 16: Fast season billion possible consumer.'),
(17, 817, 'Trouble fall how how wear room. New least success whose organization present.', 'Linux Hatası 17: Citizen hear Mrs they.'),
(17, 818, 'Personal government assume hear. Crime town mind easy debate buy. Spend old democratic today.', 'Linux Hatası 18: Act unit win government.'),
(17, 819, 'Nation Democrat stage animal. Word practice month rule speech either. Quite support rest nature security first.', 'Linux Hatası 19: Fly television firm center many subject arrive whether.'),
(17, 820, 'Three explain ball for. Night project wide most relate. Technology degree explain suddenly.', 'Linux Hatası 20: Too kitchen region.'),
(17, 821, 'Modern court coach apply.', 'Linux Hatası 21: Financial fast maybe west degree Mrs.'),
(17, 822, 'Suggest person newspaper every mean water mouth. Language sort level exactly visit course. Arrive give instead word discover pull pattern.', 'Linux Hatası 22: Role practice usually language defense speak place full.'),
(17, 823, 'Like about rich rule speech respond government. Difference himself because. Member color network serious.', 'Linux Hatası 23: Must ability wear set find Republican spend.'),
(17, 824, 'Art particular its walk budget present security. Any indicate character government close white feeling.', 'Linux Hatası 24: Something someone bank collection campaign from.'),
(17, 825, 'Action appear table action option see. Able author goal turn. Ask central think letter. Plant relationship hear pay now morning.', 'Linux Hatası 25: Child attack way.'),
(17, 826, 'Ten meet through protect sell assume manage fish. Mother direction over view total weight. Mouth Congress system mean various.', 'Linux Hatası 26: Past thus building issue walk identify.'),
(17, 827, 'Line everyone continue she. Gun author also they test hotel cover.', 'Linux Hatası 27: Relationship hot special also whole enjoy.'),
(17, 828, 'He trouble quickly trouble easy community. High upon material.', 'Linux Hatası 28: At morning put return force central.'),
(17, 829, 'Event campaign effort key enough response. Notice add say suggest pressure network local. Only list close. Never onto present ready painting inside fast throw.', 'Linux Hatası 29: American store near list final vote.'),
(17, 830, 'Oil begin similar special. Executive husband simple effort team. Reveal our pretty institution eat.', 'Linux Hatası 30: Practice against science number out production.'),
(17, 831, 'Message night thought professor suggest area clear power. Public kind person class director produce after wrong. Address pretty source ask personal alone effect rich.', 'Linux Hatası 31: Compare call owner first great true.'),
(17, 832, 'Write occur recent perhaps newspaper. Support good such main national modern. Interest minute about want type describe. Call strategy visit protect itself help on.', 'Linux Hatası 32: Station really whole open go quality art.'),
(17, 833, 'Direction animal of since job charge. Deal arm away Congress along.', 'Linux Hatası 33: So director population their performance scene both.'),
(17, 834, 'Weight position spend. Measure none where strategy including somebody. Later mother you go remain.', 'Linux Hatası 34: Evidence perhaps professor talk phone say.'),
(17, 835, 'Cause right huge over increase. Produce tend single Republican season some. Better phone none enough.', 'Linux Hatası 35: Really treatment brother reflect live believe my.'),
(17, 836, 'Ahead control foot house. Wait her at office bed.', 'Linux Hatası 36: Close north recent firm exist there her.'),
(17, 837, 'Night face believe receive general. Every cultural see stop. Factor message style low develop camera service.', 'Linux Hatası 37: Maybe rich until.'),
(17, 838, 'First why reflect state. Choice throw method send keep.', 'Linux Hatası 38: Article cover account child effort dream.'),
(17, 839, 'Above east soldier allow full court seem blood. Worker everyone traditional least role keep behind. Laugh explain land say officer. Short establish hot.', 'Linux Hatası 39: Child hundred between high computer owner idea.'),
(17, 840, 'Buy collection education board. Citizen leader interest property society support alone. Security million research expect.', 'Linux Hatası 40: Head the more accept past bank doctor.'),
(17, 841, 'Seat so reduce speech beat son better feel. Hold miss will first current own. Well describe parent end stand.', 'Linux Hatası 41: Despite marriage involve official.'),
(17, 842, 'Worry capital them put. Catch call sure street want.', 'Linux Hatası 42: New unit view address myself.'),
(17, 843, 'Edge can fire set also real. Their significant bar month feeling majority perform.', 'Linux Hatası 43: Hotel century collection consumer.'),
(17, 844, 'Start media form. Trip rock summer work them process throw single.', 'Linux Hatası 44: More face prevent tend discuss shoulder local.'),
(17, 845, 'Nice activity well boy suggest until artist. My think ever win. Large exist make let by standard man director.', 'Linux Hatası 45: Necessary former ball yard.'),
(17, 846, 'Republican play out early. Condition consider listen. Every make positive produce focus.', 'Linux Hatası 46: Night during fill.'),
(17, 847, 'Foot rather figure despite continue five respond. Process indeed charge call. Likely point figure maybe describe.', 'Linux Hatası 47: Carry at behavior world if full.'),
(17, 848, 'Nearly evidence huge feel side build. Sure none plan tend. Grow front high opportunity nature.', 'Linux Hatası 48: Evidence road strong wall first.'),
(17, 849, 'Important hundred popular section guy also family. Life gas like tend.', 'Linux Hatası 49: If soldier example act half increase.'),
(17, 850, 'Service science number name nor ahead foot born. Mr parent hospital return mind. Push well line term try feel field.', 'Linux Hatası 50: Go support among sort rest carry test chair.'),
(18, 851, 'Maybe long development step low change. Throughout often hair station middle. Mouth return community others off. Total argue surface arm kind cup spring ever.', 'Maven Hatası 1: Result century future know current thousand.'),
(18, 852, 'Total guy lead. Not step many goal economic. Under form high around in claim family.', 'Maven Hatası 2: Born fear analysis.'),
(18, 853, 'Store role hotel think study day smile. Director fly dark establish game state green.', 'Maven Hatası 3: Have nation claim price page agree.'),
(18, 854, 'Truth policy away fact reduce be scene. Article shoulder marriage. End third college whatever imagine place control.', 'Maven Hatası 4: Right town opportunity several offer.'),
(18, 855, 'Six something mission rise option stock. All admit nature onto billion.', 'Maven Hatası 5: Manage and executive then.'),
(18, 856, 'Small parent human those vote. Defense federal left teacher management myself million.', 'Maven Hatası 6: Hear outside get than myself trouble finish.'),
(18, 857, 'Approach meet about fire anything minute. Wife item former standard two nice.', 'Maven Hatası 7: Subject save common all individual.'),
(18, 858, 'Board near name figure.', 'Maven Hatası 8: Sing training issue politics best policy.'),
(18, 859, 'Rather tough student help candidate money wear. Run past identify specific.', 'Maven Hatası 9: Quality discussion certain big affect near.'),
(18, 860, 'Day discuss another everything teach bag necessary. Either authority send hold task film.', 'Maven Hatası 10: Tonight mission heavy why wind may.'),
(18, 861, 'Fund physical behind parent hear low benefit. Stay new behind main.', 'Maven Hatası 11: Single true since stage in continue fine.'),
(18, 862, 'Sure difficult hot lay nature if certainly civil. Less seek training young single. Contain represent turn front process.', 'Maven Hatası 12: Type person really his.'),
(18, 863, 'Suffer and stuff assume serve medical.', 'Maven Hatası 13: Blue can figure deep thought group only.'),
(18, 864, 'How food recent own. Bring after appear.', 'Maven Hatası 14: Congress season necessary treat.'),
(18, 865, 'Staff tell from car little. Measure increase risk act fight keep. Choice nation truth guess tell expect.', 'Maven Hatası 15: Bank sport it like cold.'),
(18, 866, 'Pick throw provide education.', 'Maven Hatası 16: Majority newspaper interview low what walk.'),
(18, 867, 'Home war themselves price indeed nothing. Million short worry cell owner summer mission. Government require building goal customer guy.', 'Maven Hatası 17: Write fact add result firm cold form pass.'),
(18, 868, 'Man president film whatever decision thought foreign. Dinner manager treat film exactly.', 'Maven Hatası 18: Third personal best.'),
(18, 869, 'Challenge perform view strong. Senior child become beat attack successful develop. Clearly sit political drive play.', 'Maven Hatası 19: Republican building ten.'),
(18, 870, 'Guess individual sense push check. Friend movement born defense color. Least paper establish community apply. First course catch great thousand thing.', 'Maven Hatası 20: Measure property could skin them.'),
(18, 871, 'Produce example them bad what want sell. Interview more half employee. Voice nearly own thought religious.', 'Maven Hatası 21: Message notice couple true management former.'),
(18, 872, 'I arrive develop bag cut exist. Time anything quality enough change.', 'Maven Hatası 22: Coach seven audience maintain reality.'),
(18, 873, 'Politics call particular. Southern represent art magazine. Scene best thus push.', 'Maven Hatası 23: Me become nor energy may relate.'),
(18, 874, 'Again even build offer ago seven the. Past opportunity wife else somebody. Ask far receive stage Republican good official.', 'Maven Hatası 24: Seem we amount size down view.'),
(18, 875, 'Wrong protect light tonight live. News watch mean. Smile most executive serious.', 'Maven Hatası 25: Still still whatever away ever meet order.'),
(18, 876, 'Goal seven single after. Discussion executive suggest worry. Let small speech. Case soldier politics service relate.', 'Maven Hatası 26: Part PM fast sister tell hair.'),
(18, 877, 'Like answer office rather artist TV pull car. Condition whole seven instead material pattern. Result when number pretty unit another truth.', 'Maven Hatası 27: Player away weight pass realize two.'),
(18, 878, 'Off consumer away laugh happen baby able. Wide drug first toward history garden.', 'Maven Hatası 28: Effort student world service.'),
(18, 879, 'Best report collection dream friend remember son. Role miss stuff station choice might oil.', 'Maven Hatası 29: Great strategy opportunity buy mission environmental send.'),
(18, 880, 'Base day red tend. When interesting throw bag land not.', 'Maven Hatası 30: Claim analysis structure deep crime.'),
(18, 881, 'Power what benefit discover point team group some. Less task despite note.', 'Maven Hatası 31: With western country past million already degree.'),
(18, 882, 'Threat customer a specific follow child husband group. Financial poor successful since see lead all. Case act institution.', 'Maven Hatası 32: Billion building machine modern newspaper during see.'),
(18, 883, 'Former believe oil might. Land thing matter election site wear design.', 'Maven Hatası 33: So enter person recognize.'),
(18, 884, 'Democratic factor of financial order. Year property most organization class.', 'Maven Hatası 34: Measure remain between food middle model nothing single.'),
(18, 885, 'Recently back nature others happen sometimes. Reason town resource high. Field structure green agent. Voice surface soon.', 'Maven Hatası 35: Want note manage reduce may.'),
(18, 886, 'Responsibility machine property scientist beat. Prepare thus avoid beyond point focus myself civil.', 'Maven Hatası 36: Party teach gun its.'),
(18, 887, 'Without its live short big quite where daughter. My happen deep challenge specific morning. South identify system usually red.', 'Maven Hatası 37: World whole walk.'),
(18, 888, 'With year light together. Cultural game series despite. Real base huge president.', 'Maven Hatası 38: Never year able final energy personal month memory.'),
(18, 889, 'Tax reason voice support whatever really. Outside fast wife expert.', 'Maven Hatası 39: Technology decision receive soldier stage rest down.'),
(18, 890, 'Happen some during everyone others late task two. Stage loss personal base occur car option.', 'Maven Hatası 40: Sound toward firm identify rather.'),
(18, 891, 'Back stand would wife project nice despite. Establish reduce garden foreign career.', 'Maven Hatası 41: Party whole party administration compare certainly.'),
(18, 892, 'Nor reach turn wait. Speak job bank move than level system. Past important like citizen.', 'Maven Hatası 42: Face operation imagine leader quite beyond consumer.'),
(18, 893, 'Cold concern out condition happen. Arm control still forward race enjoy. Program the wife newspaper rate Congress.', 'Maven Hatası 43: Development agent right represent sea meeting upon.'),
(18, 894, 'Color rule major recent college whole. Check same PM opportunity imagine newspaper low. Mr over hospital commercial camera old.', 'Maven Hatası 44: Audience serve eight military enjoy individual approach environmental.'),
(18, 895, 'Group hundred many laugh. She dark method project view. Chance off society son deal street price north.', 'Maven Hatası 45: Attack international turn language policy.'),
(18, 896, 'Reality law science. Include rate size reason.', 'Maven Hatası 46: News race run table former pull.'),
(18, 897, 'Behind ever much against control billion safe develop. Indeed near focus dinner another third great. Amount similar practice woman rule kitchen away. Hear return nothing health summer around voice.', 'Maven Hatası 47: Couple again wonder.'),
(18, 898, 'Beat heavy lay pretty food news. Term popular most enjoy last evidence.', 'Maven Hatası 48: Serve share authority learn year.'),
(18, 899, 'How second follow. Require wait upon range business wife. Difficult record newspaper type energy list girl but.', 'Maven Hatası 49: Television billion skill play executive special per relationship.'),
(18, 900, 'Republican executive especially thousand. Need position her series senior any. Same education whether challenge fish step skin.', 'Maven Hatası 50: Thought people artist.'),
(19, 901, 'West data determine though owner live. Class far create interesting should theory. Hot night offer after TV main likely.', 'MongoDB Hatası 1: Weight watch paper may compare alone.'),
(19, 902, 'Effort million church happy people trouble. Agent realize air bring interest action democratic. Job dream owner stand politics. Center garden serve share development.', 'MongoDB Hatası 2: Often similar serve bit raise leg.'),
(19, 903, 'Practice cell theory develop free. Lead wonder happen tend manager conference. Career always need recently spend father early.', 'MongoDB Hatası 3: For rather my fact friend others vote all.'),
(19, 904, 'Service ground adult tonight pull realize. As president loss structure.', 'MongoDB Hatası 4: You plan site indicate picture.'),
(19, 905, 'Most sing quite drive back recognize. Wind figure wide.', 'MongoDB Hatası 5: Those stuff far include pull enjoy all.'),
(19, 906, 'Off country network mind material us. Since article compare picture media land agent. Nature while anything Democrat generation.', 'MongoDB Hatası 6: Marriage officer however report city.'),
(19, 907, 'Store authority wonder spring whose. Stand over night eight open. Contain voice that.', 'MongoDB Hatası 7: Candidate address later general.'),
(19, 908, 'Pay degree imagine. Special population information concern apply central sell.', 'MongoDB Hatası 8: Mrs couple recently wind force.'),
(19, 909, 'Believe history ability since under others learn.', 'MongoDB Hatası 9: Any direction process.'),
(19, 910, 'Organization pattern lot large read mission. Describe name inside large reflect indicate memory. Husband nice drive detail must really tend. Send under continue.', 'MongoDB Hatası 10: Guess stop when since here.'),
(19, 911, 'Why which miss success machine. Gas cup enough not property camera around.', 'MongoDB Hatası 11: Paper around that create.'),
(19, 912, 'Article will interesting form training material. Right account level control anyone bit room.', 'MongoDB Hatası 12: Option direction this.'),
(19, 913, 'Rather remember data common attention including this. Make eight school right ready set.', 'MongoDB Hatası 13: Decision seek pretty which participant allow.'),
(19, 914, 'Democrat TV evidence how whatever born. Range trade key reality together result quality.', 'MongoDB Hatası 14: Travel dream wind responsibility collection red response.'),
(19, 915, 'Media remain serious condition. Ahead brother address knowledge fire land actually. Air guy trade.', 'MongoDB Hatası 15: Machine certain ground everything.'),
(19, 916, 'City newspaper month mention before even part fear. Loss house life although.', 'MongoDB Hatası 16: Food meeting best fire deep build yes.'),
(19, 917, 'Possible take approach seem around serve. Large keep build law power person. Discuss data senior kid writer. Herself follow eye social move.', 'MongoDB Hatası 17: Guess say doctor success reality dark.'),
(19, 918, 'Deal American strong cultural. Say wife pay coach school beautiful.', 'MongoDB Hatası 18: Glass whole country foreign.'),
(19, 919, 'Long sing stock wife. Will eat serve cost politics.', 'MongoDB Hatası 19: Better start within smile firm.'),
(19, 920, 'Machine land direction drug enjoy nice. Red alone member what network.', 'MongoDB Hatası 20: Mission morning election use indeed bank.'),
(19, 921, 'Eight own evidence say exist front investment.', 'MongoDB Hatası 21: Down much contain southern benefit why thing.'),
(19, 922, 'Man worker policy through couple shoulder sea. Party author save once debate main.', 'MongoDB Hatası 22: Television through alone before executive place.'),
(19, 923, 'Threat parent onto fire hear however trial. Standard she call protect recent guy.', 'MongoDB Hatası 23: Pay power practice likely around perhaps though.'),
(19, 924, 'Light result situation none pass wonder accept. Executive memory shoulder air thus ten. Course little could save produce.', 'MongoDB Hatası 24: How lot page.'),
(19, 925, 'Less million someone despite treatment eight material. Important visit appear question natural.', 'MongoDB Hatası 25: Later American mean recent thing.'),
(19, 926, 'For law far along produce. Drop management kid push rule. Long however campaign.', 'MongoDB Hatası 26: Despite seem nice reach pretty.'),
(19, 927, 'House himself nature career population Democrat most tough. Remain special to PM scientist particularly.', 'MongoDB Hatası 27: Amount better book garden.'),
(19, 928, 'Always past lawyer foreign thing. Return agent our picture new until.', 'MongoDB Hatası 28: Style nation foot all none easy executive.');
INSERT INTO `posts` (`category_id`, `id`, `content`, `title`) VALUES
(19, 929, 'Yourself participant necessary its product. Industry institution ball newspaper yourself. Example yes behavior lot stage address leg. Near during hair even half it.', 'MongoDB Hatası 29: Color maybe describe base field despite sea second.'),
(19, 930, 'Style goal senior husband cultural. Yourself reality drug two group they.', 'MongoDB Hatası 30: Hold population environment.'),
(19, 931, 'Fear fight fish. Hospital continue total. Parent PM eight. Past sort eight individual.', 'MongoDB Hatası 31: Take loss leave key.'),
(19, 932, 'Democrat figure leg style pick. Structure provide car blood about life listen. Would ready officer world argue sea. Specific also necessary individual local tell.', 'MongoDB Hatası 32: Increase wait minute his ready choose interview appear.'),
(19, 933, 'Power explain risk week which spring. A and enough describe although.', 'MongoDB Hatası 33: Me statement nearly dinner.'),
(19, 934, 'Since car employee place your. Time some contain huge strong product marriage get.', 'MongoDB Hatası 34: Lay occur can any.'),
(19, 935, 'Film fast ahead because interview blue.', 'MongoDB Hatası 35: Cultural animal type end.'),
(19, 936, 'Sure science contain show consumer public down. Attention century customer environment really group development.', 'MongoDB Hatası 36: Nation challenge note happy board.'),
(19, 937, 'Likely now tonight pay. Finally consumer long follow give accept film. Everything send girl third sometimes arrive memory.', 'MongoDB Hatası 37: Stand argue under pass range reduce.'),
(19, 938, 'Act price game accept fill collection amount. Threat main leave daughter himself full state. Moment include officer young whatever behavior.', 'MongoDB Hatası 38: Air bad management.'),
(19, 939, 'Appear feeling evening community if player staff. Tend its tend strategy over through. Million role either seem information meet perhaps. Last week form.', 'MongoDB Hatası 39: Return throughout stay every include.'),
(19, 940, 'Glass onto nothing best practice himself win movement. A market TV control she course.', 'MongoDB Hatası 40: Pattern door analysis short Mrs.'),
(19, 941, 'Official employee treatment behind us. How during value approach action.', 'MongoDB Hatası 41: Worker realize carry magazine PM our can.'),
(19, 942, 'Set economic everyone east factor. Right social time across either smile act. Read wide poor professor relationship they.', 'MongoDB Hatası 42: Most different response piece.'),
(19, 943, 'Impact claim computer pattern carry. Community worker identify player. Low reach beautiful and.', 'MongoDB Hatası 43: Able and lot spend month improve bad.'),
(19, 944, 'Lose necessary most if. Technology suddenly college than technology. Position task career find around happy measure maybe.', 'MongoDB Hatası 44: Direction college quite.'),
(19, 945, 'Born ok article people.', 'MongoDB Hatası 45: Effort admit blood commercial price.'),
(19, 946, 'Board radio say produce baby series. Hundred commercial admit number special.', 'MongoDB Hatası 46: General body teacher rule compare quality toward.'),
(19, 947, 'Nation increase tend manage stage. Decade sign baby who Congress watch card.', 'MongoDB Hatası 47: Always school only business record parent.'),
(19, 948, 'Case item article. Perhaps various itself maintain. Whole food administration. Including experience according.', 'MongoDB Hatası 48: Clear human page expert life.'),
(19, 949, 'Ever individual eat stage deep difficult collection. Board team start fill poor. Order want investment few operation can also.', 'MongoDB Hatası 49: Challenge once type knowledge.'),
(19, 950, 'Down computer same understand talk fast summer first. Base natural approach training break.', 'MongoDB Hatası 50: Word allow night full common until dinner senior.'),
(20, 951, 'Design major central arm exist room director foot. Method art write I sister.', 'MySQL Hatası 1: Fight door believe himself reflect question do.'),
(20, 952, 'Thousand whose foot card take cold. Old movie until safe economic finish.', 'MySQL Hatası 2: Pretty physical note another take pull start.'),
(20, 953, 'Street attention send history seven prevent edge.', 'MySQL Hatası 3: Use old within.'),
(20, 954, 'Exist nor view main these. Expect eye knowledge middle.', 'MySQL Hatası 4: Street institution standard at.'),
(20, 955, 'Political finally magazine hour. Foreign attorney case effort source art present. Hit occur again low.', 'MySQL Hatası 5: Chair sister create world couple.'),
(20, 956, 'Or beyond rise create around meeting quality. Her discuss care get teach authority improve difference.', 'MySQL Hatası 6: Class glass evening sell mention approach usually key.'),
(20, 957, 'Able action usually mean clearly take as really. Benefit field per here.', 'MySQL Hatası 7: Third provide charge last stand church he.'),
(20, 958, 'Recognize deal nor suddenly air knowledge inside. Beyond pattern find industry enough field as. Fund protect its culture college country.', 'MySQL Hatası 8: Send page movement night relate trip own.'),
(20, 959, 'Crime ready article technology other young understand. Every anything face.', 'MySQL Hatası 9: Easy development rate be forward base get.'),
(20, 960, 'Stuff fill market impact must government certainly. Another person end color south walk. Artist lose best somebody fill opportunity remain. Stay site evidence notice benefit law Democrat.', 'MySQL Hatası 10: Development though defense prevent suffer.'),
(20, 961, 'Hope rule building manager prove what style. Your city manage turn marriage you.', 'MySQL Hatası 11: Defense realize finish soldier customer never.'),
(20, 962, 'Protect to tonight figure require. Show allow against every picture direction clear.', 'MySQL Hatası 12: Other build ability practice from.'),
(20, 963, 'Explain lose nature long sense. Kind health major phone accept.', 'MySQL Hatası 13: Vote state increase yet.'),
(20, 964, 'Peace per step try. Man season life civil. History weight activity decide final road religious. Itself daughter financial administration.', 'MySQL Hatası 14: Fine her expect less around blood still.'),
(20, 965, 'Wife institution bad nation range. Group everything teacher might practice us shake. Although until plant skill culture.', 'MySQL Hatası 15: Discussion wide store set process improve weight girl.'),
(20, 966, 'Member material product could memory his official quality. Moment record drop learn son production. From fast talk fall before meet risk.', 'MySQL Hatası 16: Voice born return item stock out remain stage.'),
(20, 967, 'Third probably western job. Leader mouth born side.', 'MySQL Hatası 17: This movement writer agreement source avoid.'),
(20, 968, 'Reflect charge talk maybe officer themselves note report. Identify look real may person.', 'MySQL Hatası 18: Interview customer lawyer adult lot American specific light.'),
(20, 969, 'Long station consumer man middle. Its at direction knowledge later develop.', 'MySQL Hatası 19: Board effect financial hope girl music for benefit.'),
(20, 970, 'Need black people whatever among. High along administration college certainly agent.', 'MySQL Hatası 20: Issue series glass budget bad.'),
(20, 971, 'Tonight toward result section.', 'MySQL Hatası 21: Program word top this never someone color.'),
(20, 972, 'Full officer finally better. Material school rest eat.', 'MySQL Hatası 22: Travel effort manage price.'),
(20, 973, 'What simple financial music couple. Tend drop deal hour.', 'MySQL Hatası 23: Still force answer note.'),
(20, 974, 'However identify rather certainly president spring air space. Position strong move them everyone. Region process where like view factor type.', 'MySQL Hatası 24: Important likely southern consumer character son.'),
(20, 975, 'Member bit walk fall language.', 'MySQL Hatası 25: Campaign color prevent.'),
(20, 976, 'Network concern individual single. Should investment million operation never. Seat watch represent.', 'MySQL Hatası 26: Point either PM.'),
(20, 977, 'Condition think professor white someone visit deal. Money explain care those option cup lot. Mother how eat natural better investment travel.', 'MySQL Hatası 27: Hospital surface voice politics already.'),
(20, 978, 'Meet response matter. Artist clear choose turn throw thing reason garden.', 'MySQL Hatası 28: Smile that left until.'),
(20, 979, 'Teach yourself south though pressure staff my. Play sell power include production hotel always.', 'MySQL Hatası 29: High each husband.'),
(20, 980, 'Product well check western your city. Beat remain trip large ago. Responsibility agency find low design all answer.', 'MySQL Hatası 30: Worry half accept stay brother me send soon.'),
(20, 981, 'Four edge without lay game respond federal firm.', 'MySQL Hatası 31: Field west short sell finally toward both.'),
(20, 982, 'Garden project face organization five end. Drive box bed. Feeling language write rather.', 'MySQL Hatası 32: Cover according mind model.'),
(20, 983, 'Stop fly always condition herself. Friend may let or form particular. Lead enough why particular.', 'MySQL Hatası 33: Child eight responsibility imagine story.'),
(20, 984, 'A any imagine could really budget hard. Machine thought least win fund bank.', 'MySQL Hatası 34: Middle south house.'),
(20, 985, 'Whom state seem daughter play.', 'MySQL Hatası 35: Question protect from tough.'),
(20, 986, 'History plant possible upon. Option toward us become record add cell son. Skill address camera take with sort someone book.', 'MySQL Hatası 36: Myself than worry argue practice top.'),
(20, 987, 'Meet machine people pattern.', 'MySQL Hatası 37: Official probably again ten moment.'),
(20, 988, 'Happen teach happy listen or. Series summer range stage consumer economy phone bag.', 'MySQL Hatası 38: Question record then.'),
(20, 989, 'Recently wish pay data far left.', 'MySQL Hatası 39: Near standard eye human choose.'),
(20, 990, 'Detail order specific discuss itself state management sure. Never executive specific no effect night. Camera watch owner get PM government after.', 'MySQL Hatası 40: Cause former but left street charge table.'),
(20, 991, 'Receive not pattern task tend theory operation. Such picture writer blood. While role weight live fine until particular write.', 'MySQL Hatası 41: Inside fish approach front ok science.'),
(20, 992, 'Thus political start stuff most live light almost. Speak hospital natural affect reveal heavy above.', 'MySQL Hatası 42: Second information who anything spend get up.'),
(20, 993, 'Street artist free eat. Such join cut leg what hot. Natural sign law.', 'MySQL Hatası 43: Like west fish interesting give six list.'),
(20, 994, 'Top instead bar kitchen. Argue bit physical agreement church.', 'MySQL Hatası 44: State national follow this throw stand.'),
(20, 995, 'If radio ground. Tough thousand other class reach player item.', 'MySQL Hatası 45: Hard side tree television.'),
(20, 996, 'Happen kid structure ahead plan hot ground. Month list me color indeed professional.', 'MySQL Hatası 46: East authority when expert.'),
(20, 997, 'Data crime exist use evening. Sound learn safe down.', 'MySQL Hatası 47: Item heart responsibility customer.'),
(20, 998, 'Your stage treatment technology. Wife camera easy view myself significant.', 'MySQL Hatası 48: Water truth here start become.'),
(20, 999, 'Senior manage once no. Market still understand interview.', 'MySQL Hatası 49: Special action heavy mouth environmental whole believe.'),
(20, 1000, 'Brother hard nothing remain away address interview. There nature seek. Look character star provide official.', 'MySQL Hatası 50: Put second public food fly in light.'),
(21, 1001, 'Result still early parent boy these travel poor. Level full push Republican.', 'Nginx Hatası 1: Between truth create.'),
(21, 1002, 'Across house now whatever activity degree. Yet painting detail need.', 'Nginx Hatası 2: Best serve me analysis physical management.'),
(21, 1003, 'Last wear people rich. Meet beat list effect middle. Game down eight lose also.', 'Nginx Hatası 3: Official scene strong Democrat good must risk follow.'),
(21, 1004, 'Exactly writer people anyone cause evening trip also. Free board option. Girl vote yourself discuss key occur foreign like.', 'Nginx Hatası 4: In rule enough ahead although somebody top.'),
(21, 1005, 'Certainly cut game media it. Save theory hit.', 'Nginx Hatası 5: Sea think alone represent.'),
(21, 1006, 'Capital fight center guess. Speak religious religious series.', 'Nginx Hatası 6: Agency book own real.'),
(21, 1007, 'Who long agree environment represent. Family off major often federal best site.', 'Nginx Hatası 7: Early require record live.'),
(21, 1008, 'Serious oil stop specific decision explain join thank. Else use hit owner.', 'Nginx Hatası 8: Identify data ahead behavior moment.'),
(21, 1009, 'Box director often. Drug cost without performance school become reason author. Especially arm kitchen executive which attention.', 'Nginx Hatası 9: Pay live information fight start.'),
(21, 1010, 'Consumer light it west. Dog likely computer civil direction quite follow.', 'Nginx Hatası 10: Move but town age per animal involve.'),
(21, 1011, 'Your property hand lot reduce community yeah. Nearly reason ground but theory. Game professor production pick brother sometimes line.', 'Nginx Hatası 11: Room not manage range result growth me.'),
(21, 1012, 'Region better group present leader policy that. Else open spring always training treatment. Main class benefit degree test customer prove.', 'Nginx Hatası 12: Common I stand practice long score.'),
(21, 1013, 'Myself road answer use carry place rock. Group become wait think nature traditional when. Church campaign age which production.', 'Nginx Hatası 13: With occur bed natural understand would interesting vote.'),
(21, 1014, 'Free source partner rest away somebody. Scene better number. Strong short movie loss energy describe win.', 'Nginx Hatası 14: About enter avoid audience stand build him.'),
(21, 1015, 'Alone eat energy instead watch together. Be off until market. Explain continue above teach site discussion many.', 'Nginx Hatası 15: Easy specific enough.'),
(21, 1016, 'Mention interest effect service. Late reason garden a.', 'Nginx Hatası 16: Dog window few.'),
(21, 1017, 'Grow cell wait training present. Decide receive artist turn position. Cup popular mother.', 'Nginx Hatası 17: Join mention yourself speak magazine movement science behavior.'),
(21, 1018, 'Focus drug trade fire close reflect head. Former safe into serve. Fine large say. Like direction clearly mention nice whether particularly wish.', 'Nginx Hatası 18: It three between.'),
(21, 1019, 'Picture behavior though method. North assume room live tough single produce owner. Chance you admit write yard both.', 'Nginx Hatası 19: Everything within third key member until gun.'),
(21, 1020, 'Knowledge help successful Democrat. Himself available research officer tell use. Work Republican serve focus fill begin take.', 'Nginx Hatası 20: Base billion box administration TV once.'),
(21, 1021, 'Ok figure girl four particularly. Ability ago business without.', 'Nginx Hatası 21: View seven great capital wide knowledge national.'),
(21, 1022, 'Born American they bring despite her. Turn amount surface tonight a actually. Wonder hair play cost degree public suffer up. Throw peace apply again director.', 'Nginx Hatası 22: Off his free.'),
(21, 1023, 'Industry state she. Already create soldier fight lead same. Live view reflect hotel culture individual reduce.', 'Nginx Hatası 23: Size respond character realize.'),
(21, 1024, 'Central let player. Here reduce if blood.', 'Nginx Hatası 24: Control admit yes item walk paper foreign become.'),
(21, 1025, 'Wife high physical wide onto manager. Management still nice suggest.', 'Nginx Hatası 25: Watch from letter.'),
(21, 1026, 'Use land eight public. Kind nor save news. Different bank total hard sit environment.', 'Nginx Hatası 26: Case that cover share science.'),
(21, 1027, 'Doctor sing special draw institution measure property eight. Throughout teacher course machine president put imagine. Sit three agree.', 'Nginx Hatası 27: Send that economy entire natural stop.'),
(21, 1028, 'End wonder onto age too as understand. Company treat between car worker across.', 'Nginx Hatası 28: Without no whom appear not official catch.'),
(21, 1029, 'Happy do citizen general. Create action much explain join. Material Mrs media green identify.', 'Nginx Hatası 29: Probably discover we human.'),
(21, 1030, 'Fly national travel purpose field of require. Also student do sound.', 'Nginx Hatası 30: By parent born point require.'),
(21, 1031, 'Still blue society.', 'Nginx Hatası 31: Exactly guess painting whose.'),
(21, 1032, 'Authority discover floor claim. Agreement hope artist yard which. Surface great thus bed.', 'Nginx Hatası 32: Laugh mention involve couple hundred may blue.'),
(21, 1033, 'Responsibility American help better through station. Network direction travel culture which long color. Arm travel fill bag.', 'Nginx Hatası 33: Spring government machine we.'),
(21, 1034, 'Him place identify money all. When when remain me debate country skin. Race prevent tree break education toward face.', 'Nginx Hatası 34: Himself deal wide less forget.'),
(21, 1035, 'Win writer create law its. Claim list of year perform manage.', 'Nginx Hatası 35: Dream itself describe none mission.'),
(21, 1036, 'Attorney most firm without. Key water read sing newspaper business key.', 'Nginx Hatası 36: Hot party professor significant if.'),
(21, 1037, 'About probably heart maintain food travel. Tree worry soon main movement.', 'Nginx Hatası 37: Place key stop parent job.'),
(21, 1038, 'Manager design fact data.', 'Nginx Hatası 38: Attention federal policy.'),
(21, 1039, 'Line rest attack eat. Perhaps family remain end black interview member education. Despite religious loss even.', 'Nginx Hatası 39: Difference price leg available.'),
(21, 1040, 'Under everybody operation house statement us. Find who oil shake information son clear. Nearly modern example reduce still painting.', 'Nginx Hatası 40: Attention half not government.'),
(21, 1041, 'Leader radio even another I. Week eat him few camera society world.', 'Nginx Hatası 41: Economic leave east environment money.'),
(21, 1042, 'Set race room address. Almost win also civil. Care whom treatment serve than save.', 'Nginx Hatası 42: Bag policy cost table short crime.'),
(21, 1043, 'Reflect ball under pretty cut side any. Adult along common final above serve receive eight.', 'Nginx Hatası 43: Free way performance rule.'),
(21, 1044, 'Population and that. Fly little technology society pick give.', 'Nginx Hatası 44: Point but nor reach.'),
(21, 1045, 'Lawyer opportunity yourself actually most tell drive baby. Treatment show difficult difficult. Concern to part score save less character.', 'Nginx Hatası 45: Still happen road even.'),
(21, 1046, 'Close leader bring city green large. Attorney brother set clearly around other. Left sense create like subject.', 'Nginx Hatası 46: Increase record child direction.'),
(21, 1047, 'Admit short shoulder law stock. Military raise hot half the than. Room ago word page mouth part front friend.', 'Nginx Hatası 47: Ever reason or energy fact although.'),
(21, 1048, 'Area hundred guess both wish. Environmental ever week either.', 'Nginx Hatası 48: Our put state per begin.'),
(21, 1049, 'Certainly campaign inside point. Mrs carry plant. Rule wall bank of seven.', 'Nginx Hatası 49: This through task hospital market.'),
(21, 1050, 'Environment degree space line several. List wind name leave safe leg throw.', 'Nginx Hatası 50: Out present somebody culture develop finish.'),
(22, 1051, 'Last goal produce happen audience amount realize. Hot black within eat.', 'Node.js Hatası 1: During key population.'),
(22, 1052, 'Can tough as. Huge nothing south none.', 'Node.js Hatası 2: Daughter manage worker just cost.'),
(22, 1053, 'Campaign main ok such. Across ago exist rich think example. Recognize least finally student eat attack. Voice media turn health draw.', 'Node.js Hatası 3: On report such pull.'),
(22, 1054, 'Only write floor character in necessary. Fish forward organization tonight kitchen skin. Audience attention writer owner write free. Put against high wind finally.', 'Node.js Hatası 4: System his born consider free.'),
(22, 1055, 'Recently option ball middle they politics. Always bad and so happen American voice care.', 'Node.js Hatası 5: Hair push important decide of full.'),
(22, 1056, 'Amount school know stage begin. Issue fill director sure concern right. Identify anything rich class go watch.', 'Node.js Hatası 6: Standard thing continue become enjoy major involve.'),
(22, 1057, 'Eight debate system create industry as goal purpose. Reveal choose hear shake over team. Writer buy someone him shoulder instead.', 'Node.js Hatası 7: Throughout me create however simple forget.'),
(22, 1058, 'Sometimes speak later knowledge remain officer head federal. Recognize most maybe however stay.', 'Node.js Hatası 8: Approach discussion occur lose will stay candidate cover.'),
(22, 1059, 'Wish meeting note sit peace parent.', 'Node.js Hatası 9: Vote guess city safe such fly.'),
(22, 1060, 'Very difference outside hour. Leg bad enjoy quite. Strategy people put add require.', 'Node.js Hatası 10: Man hope with across make.'),
(22, 1061, 'Day small plant drive three field bad ever. Lose month identify once watch rule. Long official medical exactly this.', 'Node.js Hatası 11: History future record build shoulder.'),
(22, 1062, 'Move out his laugh cultural safe. Industry world writer family. Something spend yes measure name life result.', 'Node.js Hatası 12: Public television make middle time serious huge.'),
(22, 1063, 'Particularly feeling value her thus. Vote imagine PM once pattern identify plan. Door fish anyone few chance might.', 'Node.js Hatası 13: Green short plan significant.'),
(22, 1064, 'More analysis generation just. Military student record growth something lot. Too culture leg together condition remember six.', 'Node.js Hatası 14: Pm concern think audience close against.'),
(22, 1065, 'Subject fly news thus safe. Full none admit result dinner help surface.', 'Node.js Hatası 15: Yes collection surface your.'),
(22, 1066, 'Pay process democratic lead pull attention number. Commercial yet raise. Full challenge set enter.', 'Node.js Hatası 16: Buy cold require man event modern.'),
(22, 1067, 'Might smile will article book. Throughout keep ball threat. Couple study make fall across.', 'Node.js Hatası 17: Investment relate learn chair anyone smile computer often.'),
(22, 1068, 'Step music themselves week same. Perform particular white professional rate expect drop. Woman sound economic war.', 'Node.js Hatası 18: Decide beat but whole.'),
(22, 1069, 'Oil painting own pretty share tonight. Total agent night their.', 'Node.js Hatası 19: Mrs see system return tend a.'),
(22, 1070, 'War skill argue concern dog role. Pass everybody morning what approach.', 'Node.js Hatası 20: Person kind safe shake employee but reach community.'),
(22, 1071, 'Ever young race bed. Admit society official feeling life four young clear.', 'Node.js Hatası 21: Husband partner until worker these recognize person.'),
(22, 1072, 'Whatever simple bit skin station conference toward. Student concern beat establish. Care wind eat example each process lawyer.', 'Node.js Hatası 22: Police benefit pass million feeling next rather.'),
(22, 1073, 'While water defense president admit blue feeling.', 'Node.js Hatası 23: And performance first his.'),
(22, 1074, 'Save product thousand near finish believe. Show control sea care health guess help.', 'Node.js Hatası 24: The admit everything close color main.'),
(22, 1075, 'Grow loss many turn pretty believe.', 'Node.js Hatası 25: Trial would base blood word cup.'),
(22, 1076, 'Build push way when bag. Claim new treatment guy rate break dog. Bring end question join evidence during.', 'Node.js Hatası 26: Discover coach seat crime right matter modern.'),
(22, 1077, 'Reflect lose direction own writer drive. Trip their service. Too action only goal program.', 'Node.js Hatası 27: Very to low perform spend organization.'),
(22, 1078, 'Teach budget ground voice. Computer suggest change oil discussion challenge dog.', 'Node.js Hatası 28: Identify professional term minute word behind make.'),
(22, 1079, 'Financial practice produce four statement song full. President outside skin surface kid child. Full power so particularly blood.', 'Node.js Hatası 29: Area start green challenge foot appear.'),
(22, 1080, 'Like shoulder him half middle natural. Sort dinner success young. Make treat he mind above.', 'Node.js Hatası 30: Skill article heavy who week computer.'),
(22, 1081, 'House discussion bed work. Nothing step manage character discuss common establish. Very audience event region training TV together myself.', 'Node.js Hatası 31: Sell idea value account thank few wind.'),
(22, 1082, 'Second campaign both investment general price. Election someone thank reduce its current.', 'Node.js Hatası 32: A pass her stuff.'),
(22, 1083, 'Half skill right reflect base compare. Performance measure reduce something laugh other expert.', 'Node.js Hatası 33: Simply street side night.'),
(22, 1084, 'Both stay receive continue later. Great hour present election make behind.', 'Node.js Hatası 34: Until record company especially.'),
(22, 1085, 'Best choose throw production charge write trip maintain.', 'Node.js Hatası 35: Also those word food assume minute mouth build.'),
(22, 1086, 'Pay true single indeed use yet. Market move lawyer long blood check firm.', 'Node.js Hatası 36: Ago little week hot.'),
(22, 1087, 'Wind fish state ok. Image field foreign.', 'Node.js Hatası 37: Model property option learn get stage surface.'),
(22, 1088, 'Record since clear government. Require staff film career partner determine growth push.', 'Node.js Hatası 38: Much whatever next present item power various.'),
(22, 1089, 'International area upon community difficult property war. Part church purpose physical job so become.', 'Node.js Hatası 39: Whether sister structure represent white return central price.'),
(22, 1090, 'Strong water for young. Mean situation us able other hundred. Star allow attorney source degree when meet.', 'Node.js Hatası 40: Suggest individual staff eye staff area.'),
(22, 1091, 'Player throw partner sometimes require. Card capital interest real black. Ago moment drug step recently set avoid. Particular PM sit.', 'Node.js Hatası 41: Expert ahead business particularly.'),
(22, 1092, 'West rich apply everyone within day others. Mrs Republican speech continue piece something reality. Entire think spend as machine above operation.', 'Node.js Hatası 42: Have treatment though traditional.'),
(22, 1093, 'Child growth long million surface. Worker director either blood like. Tough again place.', 'Node.js Hatası 43: Course car camera work economic office.'),
(22, 1094, 'American table new day thing Mrs message since. Drive watch audience bag half doctor.', 'Node.js Hatası 44: History physical thus size happy loss miss.'),
(22, 1095, 'Catch main simple several daughter success strong. Page night parent back black. Official push use common course.', 'Node.js Hatası 45: Resource much piece social federal voice.'),
(22, 1096, 'Call rich particularly community.', 'Node.js Hatası 46: At collection everybody two environmental thought me.'),
(22, 1097, 'So paper sing color tax along. Where describe whatever Congress boy choose. Must hotel red go.', 'Node.js Hatası 47: Example pull information.'),
(22, 1098, 'Police trip believe put recently successful work act.', 'Node.js Hatası 48: Mouth institution during season lead source term.'),
(22, 1099, 'Present lawyer expect rise through us show. Practice must feel themselves such war bill.', 'Node.js Hatası 49: Congress dog American woman.'),
(22, 1100, 'Important situation cover right produce understand. They wife radio begin but per candidate mean. Common especially former opportunity.', 'Node.js Hatası 50: Game lot skin successful different return.'),
(23, 1101, 'Least away bring pay Mrs responsibility. Where assume miss woman. Writer program response west strategy return three put. Use Mr run single yes page world.', 'Pandas Hatası 1: Image hospital environmental discover.'),
(23, 1102, 'Red situation structure go.', 'Pandas Hatası 2: Subject recent language mother financial sea area admit.'),
(23, 1103, 'Science together language he speech data generation. Their chance than mention avoid suffer kitchen.', 'Pandas Hatası 3: Scientist just continue piece thing.'),
(23, 1104, 'Fish then growth painting. Defense eat watch might gun.', 'Pandas Hatası 4: Meet form place western under example.'),
(23, 1105, 'Respond save avoid word apply peace memory. Beyond example crime assume change take. Better drive though light least. This teach outside resource purpose nice get.', 'Pandas Hatası 5: Road land future participant wonder design tax dream.'),
(23, 1106, 'Important him have alone evidence stock social. Beautiful of field entire force nearly make.', 'Pandas Hatası 6: Figure where light recently drop.'),
(23, 1107, 'Father suffer first fire identify activity spend.', 'Pandas Hatası 7: Role establish even ever management receive per.'),
(23, 1108, 'Television history economy case factor. Stand word represent enjoy most always. Above environmental he ready most indeed actually become.', 'Pandas Hatası 8: Age of high serve condition white.'),
(23, 1109, 'Allow join score across hot staff strong.', 'Pandas Hatası 9: What through decide music career.'),
(23, 1110, 'Happen budget guess might.', 'Pandas Hatası 10: Money ok war everything beautiful everyone.'),
(23, 1111, 'Leader force any door capital would. Large age develop movement standard power black.', 'Pandas Hatası 11: Remember language attention military part along nice film.'),
(23, 1112, 'Animal boy care true able paper painting. Possible set book within he a house. Hit policy range what tend key. Drug challenge so town PM less share.', 'Pandas Hatası 12: Book father song right including.'),
(23, 1113, 'Learn television international work. Same born trip on. Performance role face especially federal party sister couple.', 'Pandas Hatası 13: Draw company career reduce top fight.'),
(23, 1114, 'Trade those past memory environment different rate everything. What must individual morning wrong. Morning wonder best be same organization know.', 'Pandas Hatası 14: Explain strategy will civil.'),
(23, 1115, 'Foot company huge campaign. One mind cup or quality.', 'Pandas Hatası 15: General civil ground home kitchen.'),
(23, 1116, 'Campaign carry central talk. Color over according kitchen daughter turn around likely. Image future send its care two.', 'Pandas Hatası 16: Apply walk name structure tend claim.'),
(23, 1117, 'Window local along wonder act. Discover pattern finally third rate either pick.', 'Pandas Hatası 17: Community do artist attorney course.'),
(23, 1118, 'Computer force message paper use suddenly. Man rich step.', 'Pandas Hatası 18: Spend out task specific meet say teacher.'),
(23, 1119, 'Heart bad standard. Identify reality knowledge direction represent. Become imagine black material.', 'Pandas Hatası 19: Develop kitchen industry voice behavior cause case.'),
(23, 1120, 'Body laugh size example any several. Drop either plan.', 'Pandas Hatası 20: Note summer machine into college.'),
(23, 1121, 'Decade individual stand take. Late a later site government agency side traditional. Pattern build necessary trouble moment toward draw.', 'Pandas Hatası 21: Everybody accept big particularly card.'),
(23, 1122, 'Assume all I poor decision situation expert moment. Across turn rise great.', 'Pandas Hatası 22: Author PM watch hard rock.'),
(23, 1123, 'Nearly follow him late commercial plant light. Successful actually customer one however why. Require ability follow value study son.', 'Pandas Hatası 23: Money majority possible history conference.'),
(23, 1124, 'No go heart receive international. Allow imagine design remember. Into join bill great.', 'Pandas Hatası 24: Move table short short coach my act.'),
(23, 1125, 'Development event son shake ten note. City ask source baby north great firm on. Turn bar green woman ever painting let.', 'Pandas Hatası 25: Tv be job always.'),
(23, 1126, 'The memory early imagine. Detail line land sing born realize.', 'Pandas Hatası 26: Music song attorney understand culture likely point bit.'),
(23, 1127, 'Current trip between time bank. Gun movie study foot mean.', 'Pandas Hatası 27: Along law draw recognize always various.'),
(23, 1128, 'At especially food with feel meet. Follow suggest science seven body. Put material part down reach then threat.', 'Pandas Hatası 28: Policy movement while standard culture create audience Mr.'),
(23, 1129, 'Close cup join because onto entire tree. Relationship oil pull power other. Authority life lawyer goal those particularly.', 'Pandas Hatası 29: East question west tend.'),
(23, 1130, 'Hit air likely have better win. Sometimes new great firm economic group.', 'Pandas Hatası 30: Foreign agent fund black nor.'),
(23, 1131, 'Join important various lawyer ground task build. Easy act marriage without attack left. By stock person everything.', 'Pandas Hatası 31: Leader however small others sure relationship expect.'),
(23, 1132, 'Positive music affect middle fall support whose.', 'Pandas Hatası 32: Free mission general director process.'),
(23, 1133, 'Lot drop throw interesting deep behind up. Let total home strategy manage president almost.', 'Pandas Hatası 33: Charge prepare financial thousand visit.'),
(23, 1134, 'Reflect relate interesting board. Tough table wrong reach see garden.', 'Pandas Hatası 34: Age him west author effect by.'),
(23, 1135, 'Either important peace. Music doctor lay class. Claim today from consumer source nothing myself number.', 'Pandas Hatası 35: Music but answer under claim.'),
(23, 1136, 'Lose position force condition. Answer right that memory yet hair sister. Class animal agree relationship expert bed. Again career home market present experience each region.', 'Pandas Hatası 36: Want here yet who by.'),
(23, 1137, 'End never myself base space edge. Film their building cold move five democratic.', 'Pandas Hatası 37: Event away great television enter let indicate.'),
(23, 1138, 'Prepare send energy will work cut. He require mouth off his. Magazine mean it mouth feeling usually old collection.', 'Pandas Hatası 38: Certain owner create so.'),
(23, 1139, 'If region current month understand thank. Guy now peace others particular.', 'Pandas Hatası 39: Back trouble account suddenly effect game wish.'),
(23, 1140, 'Past group politics account can half message think.', 'Pandas Hatası 40: College interesting something wife assume born raise.'),
(23, 1141, 'You head medical daughter painting final Congress. Hard themselves lose white phone nice live.', 'Pandas Hatası 41: Wall shake office heart.'),
(23, 1142, 'Let bed however white dark approach. Kind when traditional piece community his material.', 'Pandas Hatası 42: Look collection no under.'),
(23, 1143, 'News son skin candidate. Government allow TV hear study.', 'Pandas Hatası 43: Painting stand over top fill record hundred reveal.'),
(23, 1144, 'Inside attention total general executive but develop. Form image when federal development.', 'Pandas Hatası 44: Him think force practice deep affect already.'),
(23, 1145, 'Travel describe energy organization provide manage. Four situation that include director develop.', 'Pandas Hatası 45: Wonder she today clearly exactly image.'),
(23, 1146, 'Foot news action. Smile national reduce charge. Toward player call south personal.', 'Pandas Hatası 46: While same put performance.'),
(23, 1147, 'Authority term charge thought.', 'Pandas Hatası 47: Approach level around upon person.'),
(23, 1148, 'Unit year part want. Ever simply task tonight might computer treatment. Much must through.', 'Pandas Hatası 48: Manage more school foot herself order budget.'),
(23, 1149, 'Road positive so official director author.', 'Pandas Hatası 49: Owner measure choose remember newspaper general notice.'),
(23, 1150, 'Everybody enjoy although southern plan majority create.', 'Pandas Hatası 50: Growth position political west.'),
(24, 1151, 'Remember edge price item east reduce adult. Interest Republican standard plant new political others describe.', 'PostgreSQL Hatası 1: Strategy Republican full chance force under wear concern.'),
(24, 1152, 'Never member get however. Event teacher national model natural.', 'PostgreSQL Hatası 2: Read provide evening that knowledge son official.'),
(24, 1153, 'Style others to campaign. Per land usually occur let attention ok.', 'PostgreSQL Hatası 3: Out there ever available less lay.'),
(24, 1154, 'Bank know difficult hotel name. Weight but remain ten state bed ever. Page personal industry seem ten drop discuss.', 'PostgreSQL Hatası 4: Tough deep toward on less story record notice.'),
(24, 1155, 'Reach allow behind animal value eye almost defense. High firm nearly easy capital. Hold than model.', 'PostgreSQL Hatası 5: Once team seem make choose.'),
(24, 1156, 'Building admit right maybe. Shake rate ask address test.', 'PostgreSQL Hatası 6: Yes style home bring letter prevent.'),
(24, 1157, 'Bar attention everybody could mention value remember. Mention dinner among member sign. Help home collection operation low western admit western.', 'PostgreSQL Hatası 7: Which loss eye fly former dream rich.'),
(24, 1158, 'Own against admit general represent drug onto nice. Should this woman under nearly four reveal. State professor skill sing leave design best.', 'PostgreSQL Hatası 8: Admit see own door seem.'),
(24, 1159, 'Use help assume shake yourself possible. Better force brother government lawyer third throughout.', 'PostgreSQL Hatası 9: Office conference the tree move my thank.'),
(24, 1160, 'Risk report new beyond. Brother first admit support certainly decision already. Use surface machine try him present half. Whatever film hard.', 'PostgreSQL Hatası 10: Free difference eight exist today.'),
(24, 1161, 'Official major million huge hand remain for baby. Yeah effort dark recognize most space. Impact political TV young.', 'PostgreSQL Hatası 11: Dinner friend action thing.'),
(24, 1162, 'Else law avoid not central hand natural. Would eye ground pass.', 'PostgreSQL Hatası 12: Live only available brother lawyer.'),
(24, 1163, 'Hope city risk office prevent. Carry job fight television billion. Economy try star war him citizen case. Smile walk section any practice.', 'PostgreSQL Hatası 13: Turn college bit card of.'),
(24, 1164, 'Door listen notice place still. Main task sound. Film similar stay machine.', 'PostgreSQL Hatası 14: Road seven culture build institution forward audience.'),
(24, 1165, 'Tree hear station left child so book discover. Budget push foreign more send.', 'PostgreSQL Hatası 15: Smile small down bank.'),
(24, 1166, 'Away determine speak. Including let rock character somebody piece. Important actually happen leave.', 'PostgreSQL Hatası 16: Painting partner western until.'),
(24, 1167, 'Arm environment like just table heavy bar. Hot because small identify. Tend rather who its.', 'PostgreSQL Hatası 17: Important mean minute special traditional kind language.'),
(24, 1168, 'Anything weight opportunity argue center score very. Understand window teacher power experience.', 'PostgreSQL Hatası 18: Social Republican indicate agreement together way debate.'),
(24, 1169, 'Stock station career enough compare after white.', 'PostgreSQL Hatası 19: Them learn market structure once hospital.'),
(24, 1170, 'Identify have machine fish pick more. Minute unit live audience couple.', 'PostgreSQL Hatası 20: Significant cell industry business case south.'),
(24, 1171, 'Direction poor discover direction eye.', 'PostgreSQL Hatası 21: Represent another two government take sell role among.'),
(24, 1172, 'Along change lot lot. With sister movement from include.', 'PostgreSQL Hatası 22: Reduce simply spend window.'),
(24, 1173, 'Skin number great home often discuss less. Road one think fill public. Second doctor hold church.', 'PostgreSQL Hatası 23: Source watch military economy social.'),
(24, 1174, 'Key should close while similar. Mrs shoulder ever assume maybe kitchen four respond. Area ago now guess bag car knowledge.', 'PostgreSQL Hatası 24: Event change although house subject behavior.'),
(24, 1175, 'South whether cut brother. Appear total meeting authority head investment help less. Bank see standard board. Political only soldier part standard.', 'PostgreSQL Hatası 25: Song resource feel our how.'),
(24, 1176, 'Someone agree citizen voice. Beautiful you change gun test poor so. Whose leave push make.', 'PostgreSQL Hatası 26: Pay worry according yard bring quite husband.'),
(24, 1177, 'Seven feeling executive hope ever way person. Notice player watch necessary nearly probably politics.', 'PostgreSQL Hatası 27: Drug upon into some together.'),
(24, 1178, 'Pressure scientist care nature total win. Score ability throw law school grow ball. Add commercial public as area.', 'PostgreSQL Hatası 28: Again mention discuss life.'),
(24, 1179, 'Tv sing participant. Argue senior other. Beautiful laugh word.', 'PostgreSQL Hatası 29: Fast reality fly always east.'),
(24, 1180, 'Reduce any security both season image face agree. Enjoy her field population state. Personal fight vote position.', 'PostgreSQL Hatası 30: Thus strong pay available memory within chair.'),
(24, 1181, 'Beautiful race office expert goal.', 'PostgreSQL Hatası 31: Education decide miss.'),
(24, 1182, 'Often early foot society democratic around star. Far meeting and capital.', 'PostgreSQL Hatası 32: Cultural fight look picture.'),
(24, 1183, 'Increase international operation make scientist cell wonder official. Party create indicate international cell. Give majority bank very.', 'PostgreSQL Hatası 33: Almost despite price a key second.'),
(24, 1184, 'Dark before movie suggest bit adult. Then leg at wind parent seat including again.', 'PostgreSQL Hatası 34: Really lay spend economic idea standard also.'),
(24, 1185, 'Head attorney soon wish. Become book more hospital get. Six sing skin. Then give stop read.', 'PostgreSQL Hatası 35: Image imagine share north.'),
(24, 1186, 'Whatever include impact according doctor prevent. Arm fill line sea bar forget.', 'PostgreSQL Hatası 36: Support let month guess.'),
(24, 1187, 'Religious response hospital ok film case. Republican since among attorney whom shake heavy. Edge human fine.', 'PostgreSQL Hatası 37: With career respond if represent state.'),
(24, 1188, 'Let indeed professor mind bag upon. Director west development nature involve. And other far.', 'PostgreSQL Hatası 38: Join family reduce way loss improve.'),
(24, 1189, 'Commercial attack shoulder once player. It not main sound between travel bill special. Himself career condition able box too sometimes.', 'PostgreSQL Hatası 39: Space measure fly even.'),
(24, 1190, 'Money visit degree civil. View woman environment attention their during.', 'PostgreSQL Hatası 40: He to recently new rock entire.'),
(24, 1191, 'Write culture house treat and strategy dinner.', 'PostgreSQL Hatası 41: Someone break range continue method lawyer class.'),
(24, 1192, 'Population doctor risk feeling. Training generation act task writer approach financial peace. Group similar throughout nice their.', 'PostgreSQL Hatası 42: Year debate enjoy.'),
(24, 1193, 'Relate save today central magazine book cultural green. Middle state far history. Down wait animal director seem number.', 'PostgreSQL Hatası 43: Order lawyer seat hit moment entire month.'),
(24, 1194, 'Ago unit material question walk trouble chair. Safe contain lot tell hand. Interesting Mrs house score agency. Full picture will image tonight table middle happen.', 'PostgreSQL Hatası 44: Impact seat good model certainly charge hot lot.'),
(24, 1195, 'Add front such medical degree kid majority through. Attention reduce such green industry final.', 'PostgreSQL Hatası 45: Same race red yes wall hit.'),
(24, 1196, 'By really then why learn finally. Different official detail total pattern response.', 'PostgreSQL Hatası 46: Bag race draw.'),
(24, 1197, 'Picture teacher offer government mention range evening become. Surface site personal magazine lead. Their loss grow deep could.', 'PostgreSQL Hatası 47: Use truth door example purpose.'),
(24, 1198, 'Image official fine summer player us speech. Represent account maintain whose son vote even. Thing side wait perform. Trade state live keep.', 'PostgreSQL Hatası 48: Throughout free Mr back.'),
(24, 1199, 'Partner hundred who phone training take fund quite.', 'PostgreSQL Hatası 49: Star name experience explain sit standard.'),
(24, 1200, 'I sport later out reality. Reality loss back family race case. Argue serious help meeting.', 'PostgreSQL Hatası 50: Plant claim attorney specific tax.'),
(25, 1201, 'Team conference a throughout summer benefit old. Data various bed.', 'Spring Boot Hatası 1: Agent increase must attention indicate hundred while.'),
(25, 1202, 'Necessary answer its last above president travel. Form left cultural service why. Many woman hope moment thus often your staff.', 'Spring Boot Hatası 2: Work same appear professor.'),
(25, 1203, 'Level alone ahead. Cut day majority them.', 'Spring Boot Hatası 3: Left traditional nice tax catch.'),
(25, 1204, 'Local however know beat benefit. Candidate cold while defense continue.', 'Spring Boot Hatası 4: However different development teacher executive easy president.'),
(25, 1205, 'At keep onto himself interest. Memory growth cover wind method plant season. Different pretty hair start site carry future. Opportunity so talk general success.', 'Spring Boot Hatası 5: Shoulder something magazine foreign will.'),
(25, 1206, 'Close body box you. Think ability would tonight tonight fall. Major reach wide because discussion.', 'Spring Boot Hatası 6: Operation toward type against happen participant he always.'),
(25, 1207, 'Left two safe stock. Police voice door as down.', 'Spring Boot Hatası 7: Speak success down ok model only.'),
(25, 1208, 'Under by have close pay agency. Make discover account time these. On others able tax or.', 'Spring Boot Hatası 8: Participant take usually here window.'),
(25, 1209, 'Modern fire energy product final size. Us us open power should a.', 'Spring Boot Hatası 9: Probably everybody foot week.'),
(25, 1210, 'Town chance prevent. Discover front now according eye.', 'Spring Boot Hatası 10: Security cup few hot night call face.'),
(25, 1211, 'Pull college bar throughout table everyone money. Various home edge quality suggest street. Look inside service avoid quite why admit job.', 'Spring Boot Hatası 11: Group decide its car imagine.'),
(25, 1212, 'Key mean again seek south. Certain about step financial method.', 'Spring Boot Hatası 12: Seem oil energy try.'),
(25, 1213, 'Message low yeah beyond trouble. Hour under soon its four onto. Data four performance understand student.', 'Spring Boot Hatası 13: Manage president focus.'),
(25, 1214, 'Protect bar foreign stage alone. Firm mean school mission future remain present. Congress view seek range girl.', 'Spring Boot Hatası 14: Machine avoid very ahead.'),
(25, 1215, 'Serious fight son lead.', 'Spring Boot Hatası 15: Affect involve society.'),
(25, 1216, 'Natural worry amount bad. Prevent late look phone her follow.', 'Spring Boot Hatası 16: Green lawyer case anyone magazine prove fact source.'),
(25, 1217, 'Piece view sister card budget. Or try source own. Learn professor its national hot.', 'Spring Boot Hatası 17: Network central fire agency fill arrive.'),
(25, 1218, 'Draw newspaper newspaper remain important attention pass. Situation population trial worker media common. Exist hold husband cup.', 'Spring Boot Hatası 18: For let say career.'),
(25, 1219, 'Activity name good really individual. Yard rise law more many.', 'Spring Boot Hatası 19: Recognize accept wide mouth practice hospital especially.'),
(25, 1220, 'Turn box sea cause. Although hair skill. Brother administration serious across concern.', 'Spring Boot Hatası 20: Ask activity work science.'),
(25, 1221, 'Exist decide central lose picture. Short role consider institution media. Radio capital price meet still suffer part put.', 'Spring Boot Hatası 21: Idea discuss describe.'),
(25, 1222, 'Center democratic firm just million campaign. Official allow discover floor someone finally least.', 'Spring Boot Hatası 22: Purpose left order test pretty toward single.'),
(25, 1223, 'Would lay hold quality thank success. Contain single perhaps. Writer one send success natural different myself.', 'Spring Boot Hatası 23: Able them writer they bag customer.'),
(25, 1224, 'Site prove police cause. Turn smile science American would various.', 'Spring Boot Hatası 24: Some idea clearly produce country exist.'),
(25, 1225, 'Authority despite professional my treat cold. Adult world nature old cover stay.', 'Spring Boot Hatası 25: Send name commercial boy.'),
(25, 1226, 'Guess sell police course impact part newspaper. Create theory when three perform film.', 'Spring Boot Hatası 26: Bring maybe hold style.'),
(25, 1227, 'Enough sort movement possible appear name. Well never various everything produce history.', 'Spring Boot Hatası 27: However I degree high local note oil.'),
(25, 1228, 'Development from act center pressure similar reason. Guess ago quite shoulder southern. Consumer single change whatever allow magazine half.', 'Spring Boot Hatası 28: Police evidence tough.'),
(25, 1229, 'Concern support series. Sense out old by without kitchen. Land work garden take inside.', 'Spring Boot Hatası 29: Open start left anything compare will.'),
(25, 1230, 'Room know husband opportunity star sometimes church. Difficult but benefit say personal establish. Research school accept morning.', 'Spring Boot Hatası 30: State writer hot perform art exist.'),
(25, 1231, 'Him look poor whatever likely. Security mission cause.', 'Spring Boot Hatası 31: Think college top high while.'),
(25, 1232, 'Let reach success put. Source public along west. Contain industry education affect my property.', 'Spring Boot Hatası 32: Ability line staff population join.'),
(25, 1233, 'Air we successful painting goal light. Already seat notice age. Establish near themselves miss address.', 'Spring Boot Hatası 33: Trial later order must small cup him.');
INSERT INTO `posts` (`category_id`, `id`, `content`, `title`) VALUES
(25, 1234, 'Form company gun. More social a eat tree man.', 'Spring Boot Hatası 34: Consumer person continue fight time available week.'),
(25, 1235, 'Student us exist civil what true raise. Do suggest act thus off less some single.', 'Spring Boot Hatası 35: Leg west another physical medical.'),
(25, 1236, 'Item economy cover year where now. Clearly cost wife heavy yeah. General billion success his produce deep social.', 'Spring Boot Hatası 36: Help place allow husband network especially huge miss.'),
(25, 1237, 'Instead certainly kitchen above old together owner the. Follow federal able responsibility phone go.', 'Spring Boot Hatası 37: Half identify blood happen huge Republican politics.'),
(25, 1238, 'Future child music PM east administration first. Charge success thought own course.', 'Spring Boot Hatası 38: Product study particularly hair.'),
(25, 1239, 'Ago set site recently fast such. Public bill law its night. Carry face spring write may specific candidate try.', 'Spring Boot Hatası 39: Article base owner answer.'),
(25, 1240, 'Why clear not necessary. Rich director product indeed cause. Energy happy commercial power.', 'Spring Boot Hatası 40: Onto for left by summer.'),
(25, 1241, 'Everyone discuss event summer. Risk national chair away sell wife money. Operation day past draw religious available tree. Leader star including watch view.', 'Spring Boot Hatası 41: Attorney toward college stuff claim discuss figure.'),
(25, 1242, 'East drive anything collection. Actually minute why full central group something. About direction generation operation.', 'Spring Boot Hatası 42: Concern interest them drive.'),
(25, 1243, 'Much seat pay stock race lawyer admit. Even tax into lose behind player condition.', 'Spring Boot Hatası 43: What present me whose argue line to.'),
(25, 1244, 'Sure day fast she race least high. Write player fall international.', 'Spring Boot Hatası 44: South might whatever conference raise compare simply.'),
(25, 1245, 'Experience western lawyer level goal. Mean community job apply your. West foot per player even evening.', 'Spring Boot Hatası 45: Matter always soldier.'),
(25, 1246, 'Marriage partner usually.', 'Spring Boot Hatası 46: Others begin change teach response.'),
(25, 1247, 'Capital road structure treat for production break. Number election sea. Short place career simply.', 'Spring Boot Hatası 47: Car appear specific magazine dark.'),
(25, 1248, 'Down deal friend wait single. Design every than.', 'Spring Boot Hatası 48: Focus can cover for similar.'),
(25, 1249, 'Possible few number help lot age pull. Great arm today bad heart. Yard his seat international down see.', 'Spring Boot Hatası 49: Political because once glass.'),
(25, 1250, 'Yet half down tell. Drug leader seven reach tax. Security friend scientist fire.', 'Spring Boot Hatası 50: Factor social product.'),
(18, 1251, 'dash to duck', 'GNOME');

-- --------------------------------------------------------

--
-- Tablo için tablo yapısı `saved_post`
--

CREATE TABLE `saved_post` (
  `id` bigint(20) NOT NULL,
  `post_id` bigint(20) NOT NULL,
  `user_id` bigint(20) NOT NULL
) ENGINE=InnoDB DEFAULT CHARSET=utf8mb4 COLLATE=utf8mb4_general_ci;

--
-- Tablo döküm verisi `saved_post`
--

INSERT INTO `saved_post` (`id`, `post_id`, `user_id`) VALUES
(5, 155, 1),
(6, 358, 1),
(4, 863, 1),
(7, 1251, 1),
(2, 255, 2),
(3, 761, 2),
(1, 1152, 2);

-- --------------------------------------------------------

--
-- Tablo için tablo yapısı `users`
--

CREATE TABLE `users` (
  `id` bigint(20) NOT NULL,
  `username` varchar(30) NOT NULL,
  `email` varchar(255) NOT NULL,
  `password` varchar(255) NOT NULL
) ENGINE=InnoDB DEFAULT CHARSET=utf8mb4 COLLATE=utf8mb4_general_ci;

--
-- Tablo döküm verisi `users`
--

INSERT INTO `users` (`id`, `username`, `email`, `password`) VALUES
(1, 'admin', 'admin@example.com', '$2a$10$XANt90HVGrLVgMiGF6yFNO91CkKCtgCgnGDAOTxGFPdkUOJLyjMg.'),
(2, 'xtaydo', 'tayyipdgnn@gmail.com', '$2a$10$omeYq4sKdh2Y.Tu2OrY4Du5s8eUGh4xORJ/eE4upIJzbfUOK.rJTq');

-- --------------------------------------------------------

--
-- Tablo için tablo yapısı `user_roles`
--

CREATE TABLE `user_roles` (
  `user_id` bigint(20) NOT NULL,
  `role` varchar(255) DEFAULT NULL
) ENGINE=InnoDB DEFAULT CHARSET=utf8mb4 COLLATE=utf8mb4_general_ci;

--
-- Tablo döküm verisi `user_roles`
--

INSERT INTO `user_roles` (`user_id`, `role`) VALUES
(1, 'ADMIN'),
(1, 'USER'),
(2, 'USER');

--
-- Dökümü yapılmış tablolar için indeksler
--

--
-- Tablo için indeksler `categories`
--
ALTER TABLE `categories`
  ADD PRIMARY KEY (`id`),
  ADD UNIQUE KEY `UKt8o6pivur7nn124jehx7cygw5` (`name`);

--
-- Tablo için indeksler `posts`
--
ALTER TABLE `posts`
  ADD PRIMARY KEY (`id`),
  ADD KEY `FKijnwr3brs8vaosl80jg9rp7uc` (`category_id`);

--
-- Tablo için indeksler `saved_post`
--
ALTER TABLE `saved_post`
  ADD PRIMARY KEY (`id`),
  ADD UNIQUE KEY `UKj1mvmyso6gjrgv0y6m3w64syx` (`user_id`,`post_id`),
  ADD KEY `FKpbsdysjl3y38jf7ifcr99jpp1` (`post_id`);

--
-- Tablo için indeksler `users`
--
ALTER TABLE `users`
  ADD PRIMARY KEY (`id`),
  ADD UNIQUE KEY `UKr43af9ap4edm43mmtq01oddj6` (`username`),
  ADD UNIQUE KEY `UK6dotkott2kjsp8vw4d0m25fb7` (`email`);

--
-- Tablo için indeksler `user_roles`
--
ALTER TABLE `user_roles`
  ADD KEY `FKhfh9dx7w3ubf1co1vdev94g3f` (`user_id`);

--
-- Dökümü yapılmış tablolar için AUTO_INCREMENT değeri
--

--
-- Tablo için AUTO_INCREMENT değeri `categories`
--
ALTER TABLE `categories`
  MODIFY `id` bigint(20) NOT NULL AUTO_INCREMENT, AUTO_INCREMENT=32;

--
-- Tablo için AUTO_INCREMENT değeri `posts`
--
ALTER TABLE `posts`
  MODIFY `id` bigint(20) NOT NULL AUTO_INCREMENT, AUTO_INCREMENT=1252;

--
-- Tablo için AUTO_INCREMENT değeri `saved_post`
--
ALTER TABLE `saved_post`
  MODIFY `id` bigint(20) NOT NULL AUTO_INCREMENT, AUTO_INCREMENT=8;

--
-- Tablo için AUTO_INCREMENT değeri `users`
--
ALTER TABLE `users`
  MODIFY `id` bigint(20) NOT NULL AUTO_INCREMENT, AUTO_INCREMENT=3;

--
-- Dökümü yapılmış tablolar için kısıtlamalar
--

--
-- Tablo kısıtlamaları `posts`
--
ALTER TABLE `posts`
  ADD CONSTRAINT `FKijnwr3brs8vaosl80jg9rp7uc` FOREIGN KEY (`category_id`) REFERENCES `categories` (`id`);

--
-- Tablo kısıtlamaları `saved_post`
--
ALTER TABLE `saved_post`
  ADD CONSTRAINT `FK34f2hx4ffhdd6mo082idwf3mw` FOREIGN KEY (`user_id`) REFERENCES `users` (`id`),
  ADD CONSTRAINT `FKpbsdysjl3y38jf7ifcr99jpp1` FOREIGN KEY (`post_id`) REFERENCES `posts` (`id`);

--
-- Tablo kısıtlamaları `user_roles`
--
ALTER TABLE `user_roles`
  ADD CONSTRAINT `FKhfh9dx7w3ubf1co1vdev94g3f` FOREIGN KEY (`user_id`) REFERENCES `users` (`id`);
COMMIT;

/*!40101 SET CHARACTER_SET_CLIENT=@OLD_CHARACTER_SET_CLIENT */;
/*!40101 SET CHARACTER_SET_RESULTS=@OLD_CHARACTER_SET_RESULTS */;
/*!40101 SET COLLATION_CONNECTION=@OLD_COLLATION_CONNECTION */;
